,Media,Desvio,Melhor Fitness
1,736.0384615384615,223.472432077962,1188.4615384615386
2,573.7758875739645,344.09873590519965,1130.769230769231
