,Media,Desvio,Melhor Fitness
1,1208.2844102564102,260.35573814506654,1441.8039999999999
2,1216.7122051282051,209.62196008425443,1452.48
