,media, desvio, melhor_fitness

,0.00039174884973851575,0.00013521263842385583,0.00020925791070824928
,0.12776176655355392,0.5011217503820528,0.003514328623297036
