,Media, Desvio, Melhor Fitness
1,0.00320646140702315,0.0020875350948618304,0.0004921292047979087
2,0.0011159518362355001,0.00020744921815888954,0.000774994538389695
