,Media,Desvio,Melhor Fitness
1,1284.174,463.5318559715941,1735
2,1308.8535294117646,497.96695288586767,1735
3,1298.7573529411766,412.00845620657674,1735
4,1278.4451764705884,459.4543794612751,1725.2941176470588
5,1312.395823529412,420.9155592123619,1735
6,1263.4254705882354,464.1579791638741,1721
7,1347.910705882353,416.4698675179706,1735
8,1358.0872941176474,413.7477341873124,1735
9,1305.8767058823528,400.15131322720066,1725.2941176470588
10,1333.886,368.6507812836211,1725.2941176470588
