,Media,Desvio,Melhor Fitness
1,1343.563,387.27036031173714,1735
2,1325.9001176470588,391.542519178382,1735
3,1307.2487058823529,410.69722528163567,1726.3529411764705
4,1241.6315882352942,497.9848542635467,1721
5,1339.5375882352937,390.3769721850715,1735
6,1300.3598823529412,429.0883053883248,1735
7,1400.2748235294116,413.8524522557739,1735
8,1291.275,454.50123627254294,1735
9,1334.2140588235293,468.7864373952605,1726.3529411764705
10,1394.7546470588236,414.68808763765793,1725.2941176470588
