,Media,Desvio,Melhor Fitness
1,1363.3617647058823,293.62782262583596,1688
2,1252.9402714932128,409.1107096935731,1706.6823529411765
