,Media,Desvio,Melhor Fitness
1,1253.5909411764706,507.1874193146131,1735
2,1341.0357647058825,400.9360033140099,1735
3,1285.583411764706,458.2667145456569,1735
4,1271.9726470588234,484.1580183841402,1735
5,1374.2038235294121,377.04567755130296,1735
6,1295.0470588235296,431.014166928111,1717.7117647058822
7,1400.8438235294118,379.06340293759075,1735
8,1325.0100588235293,423.28369241428607,1735
9,1275.3700588235295,470.40454450401637,1735
10,1226.8896470588234,517.5902717067632,1735
