,Media,Desvio,Melhor Fitness
1,102.98765182186236,37.41491658759336,149.43157894736842
2,100.15344129554657,37.41156515170933,159.68421052631578
