,Media,Desvio,Melhor Fitness
1,37.17346153846154,11.418522136470425,51
2,33.785,14.712565670523528,51
3,37.707692307692305,11.666911944448996,50.76923076923077
4,35.23576923076923,13.070706276784145,51
5,36.13961538461538,12.811426638543926,51
6,40.12500000000001,12.247661743992863,51
7,38.11576923076923,12.595217810200447,51
8,35.87576923076923,13.02674973766713,51
9,35.776923076923076,13.04765049470412,51
10,36.82115384615385,13.086519527483052,51
