,Media,Desvio,Melhor Fitness
1,38.73384615384615,12.29215567442344,51
2,34.791538461538465,14.716780041602151,51
3,38.03692307692308,12.926439489272461,51
4,35.88,14.140588774431352,51
5,36.40538461538461,14.09733536868019,50.76923076923077
6,36.012307692307694,12.533501708970139,51
7,37.51,11.473906104800367,51
8,36.572307692307696,14.525652965799516,51
9,38.57538461538462,12.657406466632034,51
10,36.15692307692308,13.18473844301247,51
