,Media,Desvio,Melhor Fitness
1,35.28076923076923,13.652373159982416,51
2,34.66538461538462,13.302725284692606,51
3,36.041538461538465,12.777737759420512,51
4,35.926153846153845,14.026405444879385,51
5,38.01846153846154,13.411988455092207,51
6,37.97615384615385,12.22996342289885,51
7,36.480769230769226,12.59413606856816,51
8,36.12384615384616,13.009742116615087,51
9,34.03230769230769,14.80817653553915,51
10,37.32076923076923,12.693027042552087,51
