,Media,Desvio,Melhor Fitness
1,35.10192307692308,12.270198147298375,51
2,37.683076923076925,11.906508488163029,51
3,39.87615384615385,11.50963910414624,51
4,37.91461538461539,12.388940453571086,51
5,33.82730769230769,13.43427843727297,51
6,37.356923076923074,13.426977700790106,51
7,38.035,11.260378637994636,51
8,34.551538461538456,13.49169284188033,51
9,37.42884615384616,11.714733522742877,50.76923076923077
10,36.32192307692307,12.377183215461924,51
