,Media,Desvio,Melhor Fitness
1,37.21,12.269120351564878,50.76923076923077
2,37.31038461538462,11.419910536287256,51
3,36.14000000000001,13.208430963619792,51
4,34.00576923076923,13.158558956685493,51
5,37.85269230769231,12.84320677273011,51
6,38.40846153846154,12.658484980906456,51
7,35.73269230769231,12.99169440530026,51
8,38.051153846153845,11.598598485779199,51
9,36.97538461538461,11.656295147603604,51
10,35.67615384615385,14.1162535678876,51
