,Media,Desvio,Melhor Fitness
1,36.7973076923077,14.276957119281363,51
2,38.230769230769226,11.854878156045071,51
3,38.62230769230769,10.578808754985422,51
4,37.22846153846154,13.310410816149686,51
5,35.78653846153847,14.95531250229898,51
6,36.481153846153845,13.43930305916108,51
7,35.36807692307693,13.640518148334012,51
8,36.463846153846156,12.56765927940894,51
9,35.69769230769231,13.573882880359037,51
10,33.57346153846154,12.836855334608114,51
