,Media,Desvio,Melhor Fitness
1,32.223846153846154,14.39700554417665,51
2,36.23307692307692,12.462320512022577,51
3,34.096923076923076,14.297635506092915,51
4,38.69384615384615,12.58613156185441,51
5,37.346923076923076,10.698823388274578,51
6,37.57846153846154,11.610378340394451,51
7,34.75615384615385,12.3343260142114,50.76923076923077
8,36.24307692307693,12.930445335256143,51
9,36.986923076923084,12.637102810993559,51
10,34.78076923076923,12.995678048066369,50.76923076923077
