,Media,Desvio,Melhor Fitness
1,33.99384615384615,13.218490187621153,51
2,36.684615384615384,13.12124389759288,51
3,36.831538461538464,11.189766801193345,50.76923076923077
4,37.863846153846154,14.477894208415089,51
5,35.52769230769231,12.763668946287122,50.76923076923077
6,36.36538461538461,13.001265869183026,51
7,32.85153846153846,14.45188100203712,51
8,35.543076923076924,12.26839312308198,50.76923076923077
9,35.93923076923077,14.006389264785069,51
10,35.97846153846153,13.197097493332416,51
