,Media,Desvio,Melhor Fitness
1,35.6094674556213,13.070197941389138,50.07692307692308
2,39.80769230769231,11.508862429830609,51
3,39.1301775147929,10.737315753091984,51
4,34.88165680473373,11.929841195736797,50.76923076923077
5,33.650887573964496,14.594028008522267,51
6,38.79881656804734,11.50468086492878,51
7,35.463017751479285,13.152515940080713,50.0
8,33.3180473372781,10.954978612739875,50.0
9,38.362426035502956,11.947965877371827,51
10,31.733727810650887,14.402813865083441,50.07692307692308
