,Media,Desvio,Melhor Fitness
1,36.418846153846154,11.80504467309327,51
2,34.583076923076916,14.517072911477703,51
3,36.371923076923075,14.250440722967713,51
4,35.73653846153846,13.059232802524527,51
5,36.32423076923077,13.345576639036711,51
6,35.697307692307696,14.00716496177125,51
7,36.40307692307692,11.512644810491825,51
8,37.229230769230774,11.791475860068573,51
9,35.79653846153846,13.081160280722075,51
10,35.50038461538461,12.788867541270637,51
