,Media,Desvio,Melhor Fitness
1,36.67384615384615,13.55150211111136,51
2,37.30307692307692,11.07585101649733,51
3,34.995384615384616,13.789633873561106,51
4,33.62461538461538,12.995589966595656,51
5,34.63461538461539,13.533375902324204,51
6,36.54538461538461,12.59009822728882,51
7,36.11615384615385,13.631666687767513,51
8,39.00923076923077,13.568686889501336,51
9,35.67076923076923,13.26971049300049,50.76923076923077
10,36.71923076923077,14.501744947035709,51
