,Media,Desvio,Melhor Fitness
1,34.121538461538464,12.494053875685054,50.76923076923077
2,32.230000000000004,15.57169996002268,50.07692307692308
3,34.08307692307692,15.452952763547362,51
4,32.29230769230769,14.824408147480186,51
5,33.730769230769226,13.904601000894734,51
6,38.35076923076923,11.431275586672799,51
7,37.24384615384615,12.997208644335085,51
8,38.88,10.926731891214555,50.07692307692308
9,34.674615384615386,12.603376578656688,51
10,39.07846153846154,10.864049502723795,51
