,Media,Desvio,Melhor Fitness
1,40.17653846153846,11.668751695201177,51
2,34.958461538461535,15.764945646674573,51
3,38.53076923076923,11.032672027709602,51
4,37.12653846153846,13.304623139852222,51
5,38.21115384615385,12.710596956870281,51
6,34.987692307692306,13.666645008882634,51
7,36.27461538461539,13.1688735798073,51
8,38.52153846153846,11.311828547531887,51
9,37.02192307692307,13.975589724090167,51
10,35.02230769230769,13.463307773835437,51
