,Media,Desvio,Melhor Fitness
1,38.95307692307692,12.875283164577286,51
2,35.809615384615384,13.87384557274339,51
3,37.395,13.22600076749488,51
4,38.183846153846154,12.495218706871217,51
5,34.74115384615384,14.121103279851638,51
6,35.75192307692307,11.746773918195883,51
7,36.19692307692308,12.475537341239562,51
8,35.54615384615385,13.208727167020335,51
9,37.025,13.541774479922811,51
10,35.29653846153847,14.098353060682962,51
