,Media,Desvio,Melhor Fitness
1,37.377307692307696,12.365916001263143,51
2,36.03769230769231,13.474975689124088,51
3,33.59384615384616,14.391779704988645,51
4,35.89538461538462,13.0003027729876,51
5,37.02192307692308,11.906591897822894,51
6,35.07653846153846,12.465030962396007,51
7,35.62653846153846,12.500213365042919,51
8,36.16538461538461,14.427224531846301,51
9,35.53115384615385,14.428749340964336,51
10,33.77538461538462,11.515242946561882,51
