,Media,Desvio,Melhor Fitness
1,36.98307692307692,12.459943297714018,51
2,37.57153846153846,12.8828540931658,51
3,37.708461538461535,11.830794463312092,51
4,37.55923076923077,12.072679827811722,51
5,37.87461538461538,10.683911506969599,51
6,39.229230769230774,13.520042015270311,51
7,37.026923076923076,12.952627043857865,51
8,35.91538461538462,13.667652824381028,51
9,37.45230769230769,11.896811168390098,51
10,31.90615384615385,13.95143554786223,50.07692307692308
