,Media,Desvio,Melhor Fitness
1,36.033846153846156,12.804978090778814,51
2,35.09384615384615,13.092973543585037,51
3,39.35461538461538,11.265790469880159,51
4,36.60576923076923,13.800118315889339,51
5,37.349230769230765,12.412249008289633,51
6,36.42115384615385,12.929712553493845,51
7,36.35538461538462,13.542344416964601,51
8,37.02423076923077,12.917278524033444,51
9,35.21076923076923,14.219446098117821,51
10,36.29423076923077,12.360726332759446,51
