,Media,Desvio,Melhor Fitness
1,35.45230769230769,13.687908887194641,51
2,33.87769230769231,15.665953907576759,51
3,32.45307692307692,15.37747774810587,50.76923076923077
4,36.37461538461539,12.424212403454549,51
5,34.65230769230769,15.061884100693444,51
6,36.356923076923074,14.236888580364186,51
7,36.081538461538464,13.360926517141305,51
8,37.47692307692308,10.63579142196751,50.76923076923077
9,34.75615384615384,13.813878215799747,51
10,35.67153846153847,13.310804904998605,50.76923076923077
