,Media,Desvio,Melhor Fitness
1,37.43923076923077,10.270878836351148,50.76923076923077
2,35.89769230769231,13.262293861226967,51
3,35.63076923076923,11.24236229887525,51
4,36.739230769230765,12.776307793271197,50.76923076923077
5,39.06846153846154,10.727753339631573,51
6,34.19769230769231,13.895927652569432,51
7,29.75384615384615,14.806725243146625,50.76923076923077
8,36.934615384615384,13.671698513231135,51
9,37.59,12.213501622937262,51
10,37.00076923076923,11.372174829601837,51
