,Media,Desvio,Melhor Fitness
1,37.67115384615384,12.661633534319197,51
2,36.69230769230769,12.703373963603982,51
3,36.88115384615385,11.253620186752897,51
4,36.69730769230769,13.799218157039265,51
5,35.279230769230765,12.475408496709168,51
6,37.838846153846156,11.433302461560038,51
7,37.19615384615385,12.742882338617822,51
8,36.52115384615385,13.508323507899965,50.76923076923077
9,36.01076923076923,12.527176469414725,51
10,39.12,11.185172560452546,51
