,Media,Desvio,Melhor Fitness
1,36.996538461538464,13.823648478188408,51
2,36.229615384615386,12.54447880036397,51
3,35.760384615384616,14.239284204094334,51
4,35.59807692307692,13.576520341597062,51
5,34.23692307692308,13.891304291219114,51
6,36.00076923076924,13.007920868664746,51
7,38.6,12.251589680696217,51
8,36.00846153846154,13.234750720252306,51
9,37.073846153846155,12.781916404915522,51
10,35.76,11.696981758065656,51
