,Media,Desvio,Melhor Fitness
1,33.010000000000005,15.5765523412672,51
2,36.246153846153845,12.086813686359092,50.07692307692308
3,34.60076923076923,14.368376045243066,51
4,37.542692307692306,12.839905084305123,51
5,36.25923076923077,13.213786753048105,51
6,35.10538461538462,13.660493094966709,51
7,36.07884615384615,14.300849661313936,51
8,35.73923076923077,12.571380312383358,51
9,36.987307692307695,12.910141253655944,51
10,36.567692307692305,11.555583603870273,50.76923076923077
