,Media,Desvio,Melhor Fitness
1,33.01627218934911,13.282045835946347,51
2,36.67307692307692,10.637209844345675,51
