,Media,Desvio,Melhor Fitness
1,36.63692307692308,13.466698263872159,51
2,36.5776923076923,12.103636526257855,51
3,34.292307692307695,16.88583314339999,51
4,36.10923076923077,12.553269594603346,51
5,35.78846153846154,13.303090022322326,51
6,38.46846153846154,12.54023038490557,51
7,36.706153846153846,13.591540964836053,51
8,38.2876923076923,13.7645506442408,51
9,37.668461538461536,11.382408543904715,51
10,35.738461538461536,14.304559210307161,51
