,Media,Desvio,Melhor Fitness
1,35.464999999999996,13.61785298681162,51
2,36.72692307692308,13.132244408145406,51
3,36.13884615384615,13.112944612867025,51
4,37.36192307692308,13.31635899981051,51
5,37.286153846153844,13.262820435984187,51
6,37.25807692307692,13.318613010174628,51
7,39.089615384615385,10.696190571950337,51
8,36.01192307692307,12.406488919420044,51
9,36.080769230769235,13.421768175123036,51
10,36.54,13.178707858830558,51
