,Media,Desvio,Melhor Fitness
1,36.63346153846154,13.717411575273369,51
2,37.65961538461538,13.534320143456121,51
3,36.78115384615385,13.691964877947026,51
4,37.13692307692308,12.842829279614575,51
5,36.32615384615385,12.621617222122335,51
6,37.22730769230769,11.91696256994588,51
7,36.6323076923077,11.796105966645575,51
8,34.70884615384616,13.596154667609593,51
9,35.635384615384616,13.484814470424691,50.76923076923077
10,36.879230769230766,10.988444737608653,51
