,Media,Desvio,Melhor Fitness
1,35.46038461538461,13.731332088226537,51
2,37.42076923076923,12.68921269956932,51
3,38.440000000000005,10.199217280561028,51
4,35.966153846153844,13.712914786895698,51
5,38.24846153846154,12.93959386337579,51
6,35.58846153846154,12.420083587937762,50.76923076923077
7,38.713846153846156,11.787088412938875,51
8,34.17038461538461,14.478220998590388,51
9,36.99923076923076,12.075694425497366,51
10,38.291538461538465,12.14457189970972,51
