,Media,Desvio,Melhor Fitness
1,37.35502958579882,10.823491303958374,51
2,39.77958579881657,12.191479624374251,51
3,36.051775147929,11.71668056053956,51
4,35.04289940828402,13.371734802894807,50.76923076923077
5,34.65236686390533,14.223040763909408,51
6,36.52514792899409,12.424532964243507,51
7,35.19082840236687,13.550947714999522,51
8,37.08579881656805,14.27240952365325,51
9,35.65532544378698,11.213686046656775,50.07692307692308
10,31.920118343195266,13.187493398803365,50.07692307692308
