,Media,Desvio,Melhor Fitness
1,35.01038461538461,13.614032804469932,51
2,37.075,12.202422854528116,51
3,39.00307692307692,11.090580095914971,51
4,35.76269230769231,13.060308512127602,51
5,37.67846153846154,12.809551170256979,51
6,38.02384615384616,11.38300115894817,51
7,36.53807692307692,14.360246218282754,51
8,35.575769230769225,12.744308922465848,51
9,35.254615384615384,13.615767899863693,51
10,35.31115384615385,14.03374746457297,51
