,Media,Desvio,Melhor Fitness
1,35.56076923076923,13.891872363057445,51
2,36.85846153846154,13.934559523444793,51
3,36.02192307692307,14.601966770948415,51
4,38.28538461538461,13.299238288460526,51
5,37.19461538461539,12.05459943157056,51
6,36.317692307692305,12.174965365733275,51
7,37.85807692307692,12.604030649338627,51
8,35.725,14.215868888479447,50.76923076923077
9,36.07846153846154,12.790114896014593,51
10,36.323846153846155,12.564337598534227,51
