,Media,Desvio,Melhor Fitness
1,34.27538461538462,14.706479995095831,51
2,36.79423076923077,13.164552969305749,51
3,37.19769230769231,13.841758939258565,51
4,36.48307692307692,13.436899781558427,51
5,36.64153846153846,12.192288133932383,51
6,37.47615384615385,12.783868787790023,51
7,36.80538461538462,11.394592587569173,51
8,36.81653846153846,12.932741183779534,51
9,35.78923076923077,13.014954393689685,51
10,35.706923076923076,14.925713268318113,51
