,Media,Desvio,Melhor Fitness
1,40.706923076923076,9.329056504613538,51
2,37.885384615384616,11.43736348254932,51
3,38.607692307692304,10.572270305297913,51
4,36.54461538461538,13.541884095356563,51
5,34.75,12.079559364391974,50.07692307692308
6,38.80615384615385,10.261702685803868,51
7,39.11923076923077,10.213656161695924,51
8,39.83461538461538,11.135970423726283,51
9,38.62692307692308,13.55575654483949,51
10,36.49153846153846,15.640257360282087,51
