,Media,Desvio,Melhor Fitness
1,34.253076923076925,12.333667517728449,51
2,37.135384615384616,9.451762429184912,51
3,34.002307692307696,13.564785182280628,51
4,35.93923076923077,13.631131897415333,51
5,36.17153846153846,12.827075215335789,51
6,39.316153846153846,10.32039770918445,51
7,33.32923076923077,13.128320171771573,51
8,36.72615384615385,12.56433300678255,51
9,38.07615384615385,13.22280504933734,51
10,36.11,13.847570461720268,51
