,Media,Desvio,Melhor Fitness
1,37.46,12.152879611031976,51
2,36.598076923076924,14.675938701669066,51
3,35.78153846153846,10.91702687271791,51
4,35.39923076923077,13.001969331946441,51
5,34.90692307692308,13.741857384600461,51
6,37.47653846153846,12.943092209620758,51
7,37.27269230769231,11.701929359710089,51
8,37.23230769230769,13.229835521615307,51
9,33.695,13.079501165550809,51
10,33.67115384615385,14.619486646011188,51
