,Media,Desvio,Melhor Fitness
1,33.582840236686394,12.419933342479924,50.76923076923077
2,36.26183431952663,13.034882907814456,51
3,37.18491124260355,11.429002603210135,51
4,40.505917159763314,12.569672431401582,51
5,33.22337278106509,14.773544808916737,51
6,39.60207100591716,10.658202718873232,51
7,40.286982248520715,10.000962805091094,51
8,32.2085798816568,16.190463475198996,51
9,37.048816568047336,11.968417121138481,51
10,34.50147928994083,14.765345121755404,51
