,Media,Desvio,Melhor Fitness
1,39.19076923076923,10.653578058276334,51
2,35.67346153846154,12.261350851522927,50.76923076923077
3,37.76576923076923,12.138194760400747,51
4,35.886153846153846,13.908586722431023,51
5,36.11692307692308,12.768492703414909,51
6,37.86153846153846,11.240388399025488,51
7,36.004615384615384,12.718949055985616,51
8,37.03423076923077,13.454150604595009,51
9,38.19923076923077,12.836392399053763,51
10,37.13076923076923,12.856067110063698,51
