,Media,Desvio,Melhor Fitness
1,32.90846153846154,14.958290907182723,51
2,35.76153846153846,12.797921891218426,50.76923076923077
3,34.31307692307692,12.07333364100821,51
4,36.39923076923077,12.091429039324415,51
5,33.32615384615385,12.86411512651242,51
6,38.72461538461538,10.936655590396848,51
7,31.202307692307695,14.365089194779282,51
8,35.821538461538466,15.772918443110576,51
9,40.50153846153846,10.036300857947742,51
10,37.50076923076923,11.599718140831937,51
