,Media,Desvio,Melhor Fitness
1,34.40153846153846,12.016621033597122,50.07692307692308
2,38.95461538461539,11.25258337202523,51
3,37.46,12.763079982938585,51
4,35.42769230769231,12.906144218157554,50.76923076923077
5,39.61153846153846,9.327738267309602,50.76923076923077
6,36.44538461538462,12.584838934444777,51
7,40.50000000000001,9.193092982227562,50.76923076923077
8,39.93076923076923,8.506050752745601,51
9,35.582307692307694,15.104827023447967,51
10,38.08692307692308,12.703602922751282,51
