,Media,Desvio,Melhor Fitness
1,39.80325443786982,13.864892509560617,51
2,37.10355029585799,13.455771246555935,51
3,33.180473372781066,15.597224586329475,51
4,39.946745562130175,10.274759038330433,50.76923076923077
5,32.764792899408285,12.368094786710618,51
6,37.039940828402365,10.345469064958511,51
7,37.45414201183432,11.38831810104316,51
8,39.88609467455621,11.70732685696353,51
9,34.849112426035504,12.337449802276103,51
10,31.300295857988168,13.932076512258298,51
