,Media,Desvio,Melhor Fitness
1,33.4623076923077,16.73901916845469,51
2,35.90615384615385,14.260897753428,51
3,35.221538461538465,13.116477644505652,51
4,34.30307692307692,12.085605991813116,51
5,35.01846153846154,13.9014414134931,51
6,37.64615384615385,12.444687086720604,50.07692307692308
7,34.49846153846154,13.872116598951699,51
8,42.128461538461536,9.11477962938807,51
9,37.06153846153846,11.711527725143494,50.76923076923077
10,38.88846153846154,11.640907389549623,51
