,Media,Desvio,Melhor Fitness
1,38.839230769230774,12.749156347537845,51
2,33.64076923076923,14.272451658049537,50.07692307692308
3,34.590769230769226,14.567272551366601,51
4,37.98076923076923,12.258150892920575,51
5,35.85384615384615,14.199783313623,51
6,40.65384615384615,9.968752956260808,51
7,36.6476923076923,12.521192354890395,50.76923076923077
8,34.54923076923077,13.093525750081502,50.07692307692308
9,37.604615384615386,12.039638772618883,51
10,36.002307692307696,12.368975815397711,51
