,Media,Desvio,Melhor Fitness
1,35.56461538461539,13.012712127880064,50.07692307692308
2,36.096923076923076,14.624851670719007,51
3,36.67846153846154,12.949404866268276,51
4,32.69,13.988730481118461,51
5,36.33769230769231,14.851741256270095,51
6,40.98846153846154,11.478751272208608,51
7,37.6023076923077,10.61973325086495,51
8,38.38076923076923,13.900172937496414,51
9,34.52230769230769,11.990299555555428,51
10,36.91538461538462,11.790069535205058,51
