,Media,Desvio,Melhor Fitness
1,36.27538461538462,13.067529114555795,51
2,34.9376923076923,15.245633558614424,51
3,37.590769230769226,10.927715049955218,51
4,34.09230769230769,13.0488114129196,50.76923076923077
5,38.47,9.545386103138425,51
6,38.93769230769231,13.76670559139828,51
7,36.254615384615384,13.5659508725678,51
8,36.941538461538464,13.308773277573188,51
9,34.16615384615385,13.113921506479537,51
10,31.045384615384613,15.790306160396424,50.76923076923077
