,Media,Desvio,Melhor Fitness
1,32.08615384615385,15.115546211702258,51
2,35.690769230769234,12.66352437926117,51
3,38.58461538461538,11.3382919306801,51
4,37.72692307692308,12.00766335678765,51
5,34.74076923076923,13.235347620188104,50.76923076923077
6,38.426923076923075,12.175473090209438,51
7,38.80615384615385,12.822326958826672,51
8,38.40615384615385,13.77490892805943,51
9,35.941538461538464,13.611164578515387,51
10,40.73230769230769,11.018607070548796,51
