,Media,Desvio,Melhor Fitness
1,37.00269230769231,12.892848408662742,51
2,36.63038461538462,14.128957941574917,51
3,34.89961538461538,15.075428590569128,51
4,36.00807692307692,13.031787825732557,51
5,37.732692307692304,11.840336202597143,51
6,34.82038461538461,13.953143327860237,51
7,36.308461538461536,13.269161627467577,51
8,35.901153846153846,13.824054217196922,51
9,36.01461538461538,12.95705900683133,51
10,35.95961538461538,12.948905479093932,51
