,Media,Desvio,Melhor Fitness
1,35.67769230769231,14.908426373131302,51
2,37.31384615384615,13.497640293441082,51
3,38.94,12.142894676487165,51
4,38.68538461538461,12.185801928435128,51
5,36.614615384615384,14.155038599434455,51
6,35.12846153846154,15.502993812801554,51
7,35.47846153846154,13.601660097078211,51
8,39.39,11.692515205648421,50.76923076923077
9,37.72615384615385,13.364205570573372,51
10,38.91307692307692,12.043689722430479,51
