,Media,Desvio,Melhor Fitness
1,34.98769230769231,13.250682554709416,51
2,37.215769230769226,13.237685910099161,51
3,35.214615384615385,13.256451125761531,51
4,38.97884615384615,10.671628280067152,51
5,35.96769230769231,13.978413958841456,51
6,34.32346153846154,12.936688224539344,51
7,35.854230769230774,13.534169222322495,51
8,35.89653846153846,13.359133230882659,51
9,36.603461538461545,12.860238357872756,51
10,36.315000000000005,13.674896768430063,51
