,Media,Desvio,Melhor Fitness
1,37.67307692307693,12.612554208749275,50.76923076923077
2,38.14538461538462,13.62277133393085,51
3,37.39076923076923,13.57690424927873,51
4,38.143076923076926,9.828686549582342,50.0
5,37.13384615384616,11.355636819393464,50.76923076923077
6,36.80307692307692,11.992072430711547,51
7,37.04615384615384,13.460290052001987,51
8,35.536153846153844,12.46773210279168,51
9,38.32923076923077,11.412888904045928,51
10,37.83846153846154,11.851507281863814,51
