,Media,Desvio,Melhor Fitness
1,36.60346153846154,12.712163600361933,51
2,37.98,11.01978382287777,51
3,36.43038461538461,13.404338579410746,51
4,37.14884615384615,11.992460223779561,51
5,33.90653846153847,13.86913824684357,51
6,35.494615384615386,14.007157954577975,51
7,37.39884615384615,14.313059017273444,51
8,36.19230769230769,12.258635405779646,51
9,35.65653846153846,13.951982590129127,51
10,35.981153846153845,14.128096869495415,51
