,Media,Desvio,Melhor Fitness
1,38.46923076923077,12.568295088042703,51
2,32.2876923076923,15.331107410682042,51
3,35.72076923076923,13.666185778329325,51
4,36.175384615384615,13.78773393638678,51
5,37.03115384615384,12.676076678941879,51
6,36.93038461538461,13.487807001951559,51
7,37.846923076923076,12.239360770522532,51
8,35.345,13.152561177677311,51
9,35.197307692307696,13.867853354315681,51
10,36.61115384615384,11.80519253794652,51
