,Media,Desvio,Melhor Fitness
1,34.90976331360947,12.674588412740384,50.76923076923077
2,37.18195266272189,13.114701598121584,51
3,37.844674556213015,11.025451999963915,51
4,32.74704142011834,11.769710189972985,50.0
5,39.50443786982248,11.399405308550392,51
6,35.59319526627219,12.664089903568918,51
7,32.985207100591715,15.423032938755462,50.76923076923077
8,34.40384615384615,13.016188801445834,51
9,33.412721893491124,15.556716961301769,51
10,36.77810650887574,13.454496500009395,51
