,Media,Desvio,Melhor Fitness
1,37.793846153846154,12.475675172347072,51
2,37.74153846153846,13.621668562913642,51
3,37.39692307692308,12.628926690305573,51
4,37.95346153846154,10.813148492712184,51
5,37.5776923076923,12.28485137772456,51
6,35.52961538461538,13.772561753302135,51
7,38.14692307692308,12.377890410159445,51
8,36.543846153846154,12.567360537820738,51
9,35.25884615384616,13.787628292600264,51
10,36.762307692307694,11.716390153321631,51
