,Media,Desvio,Melhor Fitness
1,37.12461538461539,11.961254164318722,51
2,37.23653846153846,14.168651720190152,51
3,37.23269230769231,11.106302351506415,51
4,36.72115384615385,11.38501607273048,51
5,36.80653846153846,12.37802076573323,51
6,34.85269230769231,13.588186714763168,50.76923076923077
7,36.88115384615384,13.809253281167377,51
8,35.86538461538462,11.693809999640505,51
9,35.926923076923075,14.667208222474384,51
10,37.22769230769231,12.558387517568491,51
