,Media,Desvio,Melhor Fitness
1,37.587278106508876,14.678885554465952,51
2,36.37573964497041,14.649692323461533,51
3,35.0,14.541063760102817,51
4,37.82100591715976,11.025758841149141,51
5,34.65976331360947,13.807369630435794,51
6,37.99556213017751,9.860718280720189,51
7,34.505917159763314,16.031988577530825,50.07692307692308
8,39.573964497041416,11.028988590759687,50.76923076923077
9,35.30769230769231,12.948442104586235,50.76923076923077
10,29.193786982248522,15.633244227483713,51
