,Media,Desvio,Melhor Fitness
1,33.722307692307695,14.581983676063903,51
2,35.04038461538462,14.268705541857562,51
3,36.081923076923076,13.435302626171273,51
4,38.22269230769231,12.676987601357446,51
5,36.08846153846154,11.545198674169082,51
6,39.934230769230766,11.286213634131965,51
7,38.61961538461539,11.951039041505874,51
8,36.318461538461534,12.490660510957778,51
9,36.21846153846154,13.382833524186672,51
10,36.40538461538461,13.807817033934203,51
