,Media,Desvio,Melhor Fitness
1,37.294378698224854,12.792085584769472,51
2,34.582840236686394,14.313519572331952,50.76923076923077
3,32.22781065088758,16.08299807037948,51
4,35.41715976331361,12.732300683319256,51
5,36.36834319526627,13.554695304640848,51
6,33.99852071005917,12.930864978442782,50.76923076923077
7,31.025147928994084,14.115634287924964,51
8,35.15976331360947,15.437290342725008,51
9,37.81656804733728,11.540040856868186,50.76923076923077
10,33.6715976331361,13.187447268117852,51
