,Media,Desvio,Melhor Fitness
1,35.65769230769231,13.213350004567172,51
2,39.152307692307694,10.099516538900593,51
3,38.088461538461544,10.779199369770208,51
4,33.658461538461545,13.450370400302194,51
5,38.371538461538464,13.470361086869605,51
6,38.83538461538462,12.277578640681007,51
7,36.82538461538462,13.615009143019222,51
8,35.75846153846154,13.229769729688863,51
9,36.56846153846154,13.747998864600808,51
10,34.90615384615385,13.059651852514131,50.76923076923077
