,Media,Desvio,Melhor Fitness
1,35.511538461538464,13.49952059196984,51
2,37.7576923076923,11.504278211159678,51
3,36.01,12.58477245059028,51
4,36.08,13.440906915019717,51
5,31.705384615384613,14.569305113123615,51
6,35.02307692307692,15.392069348095077,50.76923076923077
7,39.488461538461536,10.013476865450443,51
8,36.15769230769231,14.592829255510166,51
9,36.69615384615385,10.885510292105126,51
10,35.001538461538466,14.23425105014591,51
