,Media,Desvio,Melhor Fitness
1,36.176035502958584,14.817253399394914,50.07692307692308
2,40.744082840236686,10.18639966263359,51
3,35.548816568047336,12.150318554484738,51
4,37.57988165680474,12.716092664007032,50.07692307692308
5,39.2292899408284,12.77099278839482,51
6,29.03550295857988,15.559139249559353,50.0
7,34.53846153846154,12.921452243604454,50.76923076923077
8,38.18786982248521,13.646690878387131,51
9,38.89497041420118,7.480345645149319,51
10,37.866863905325445,11.414657461256102,51
