,Media,Desvio,Melhor Fitness
1,38.10538461538462,11.063915466225643,51
2,35.37307692307692,15.287681644355747,51
3,37.361538461538466,12.495499781637365,51
4,36.31153846153846,12.86220151492935,51
5,35.49769230769231,11.03538796662648,51
6,36.53153846153846,11.995496418219908,51
7,38.35692307692308,13.547850852511386,50.76923076923077
8,39.4623076923077,11.395741678467747,51
9,36.3523076923077,14.119092700957271,51
10,36.223076923076924,11.221571576167628,51
