,Media,Desvio,Melhor Fitness
1,37.206923076923076,10.85364141441308,51
2,34.98538461538462,13.882784643847776,51
3,36.57076923076923,10.6744769975675,50.76923076923077
4,35.79,12.65340240044915,51
5,35.160769230769226,13.322936333420598,51
6,36.69538461538461,11.970224004666473,50.07692307692308
7,32.878461538461536,12.577194445437472,51
8,35.761538461538464,14.631549764830451,51
9,35.52769230769231,13.531847247912179,51
10,37.16076923076923,13.5451091415612,51
