,Media,Desvio,Melhor Fitness
1,40.56846153846154,10.631181918962861,51
2,35.66538461538462,12.173521683453593,51
3,36.44307692307692,13.367666634181283,51
4,35.324615384615385,12.474898251710615,51
5,37.74153846153846,13.020118797120256,51
6,35.09461538461539,13.428564472309846,51
7,36.46153846153846,11.328596585266684,51
8,37.36,12.362535884320994,50.76923076923077
9,36.96923076923077,12.098342103643985,51
10,35.38153846153846,14.935640706498317,51
