,Media,Desvio,Melhor Fitness
1,40.1715976331361,12.806711544307984,51
2,39.45266272189349,8.807099975510791,50.07692307692308
3,36.69082840236686,9.257932670868184,51
4,38.0414201183432,12.689608477002132,51
5,37.467455621301774,12.649734464028636,51
6,37.07100591715976,11.623203079624307,51
7,40.94230769230769,8.489512995795495,51
8,30.643491124260354,14.452638571745826,51
9,37.21597633136094,13.283047762679352,50.76923076923077
10,38.255917159763314,9.111482338939185,49.84615384615385
