,Media,Desvio,Melhor Fitness
1,73.9048,26.90320518005243,105
2,72.398,28.105118466215366,107
3,74.8858,23.264359745327184,107
4,75.432,22.53000772303463,107
5,76.634,23.92447642060323,107
6,66.0416,28.88173549910046,107
7,72.4878,27.722819899137242,107
8,75.80720000000001,26.14017498334699,105.28
9,67.9322,27.574335733794207,106.82
10,73.3574,25.06076928667594,107
