,Media,Desvio,Melhor Fitness
1,69.6944,29.18132211946539,107
2,71.03659999999999,28.508705765783198,107
3,69.145,27.96224745974472,106.82
4,73.8668,25.334023165695573,105
5,68.007,29.88688399616126,106.82
6,68.935,29.68832462433675,105.28
7,69.0708,30.571983830952153,107
8,69.9468,30.37111248802059,107
9,73.8378,22.659822575651383,106.82
10,70.74799999999999,27.9558901128188,107
