,Media,Desvio,Melhor Fitness
1,69.74119999999999,26.85729082688721,107
2,68.00319999999999,26.813483282856033,106.82
3,72.54799999999999,27.459308949789687,107
4,71.48200000000001,26.49711146521447,105.28
5,69.3524,27.716620830108422,107
6,67.904,26.7776709965598,104.86
7,65.7608,25.199094574210402,104.86
8,68.43199999999999,28.408306954128754,107
9,75.1064,25.68296569790958,106.82
10,70.9164,29.568815922183965,106.82
