,Media,Desvio,Melhor Fitness
1,78.7076,24.332927613421283,107
2,70.757,27.730185195919628,106.82
3,72.3842,25.808696874503372,107
4,73.01180000000001,25.910064005324262,107
5,77.61259999999999,23.509549830653924,107
6,75.8652,27.048343035387582,106.82
7,71.1188,26.580735854373934,104.88000000000001
8,77.9208,23.9837119595779,107
9,74.81120000000001,24.499919235785246,107
10,71.434,26.795139186053877,107
