,Media,Desvio,Melhor Fitness
1,80.2748,23.272420350277276,107
2,70.4868,28.01188336688556,106.82
3,73.3356,29.043779172828042,107
4,67.8616,29.852258029167576,105.28
5,65.59199999999998,31.167737678567562,105
6,65.5016,27.899807552024438,105.28
7,72.06400000000001,25.64705862277388,105.28
8,65.2772,30.870741101567354,106.82
9,70.66760000000001,29.516051467633677,105.28
10,73.82879999999999,28.532755958021298,107
