,Media,Desvio,Melhor Fitness
1,74.7642,25.33793634769809,107
2,70.77159999999999,30.637212951572472,106.82
3,72.6306,26.693128772026707,107
4,70.17240000000001,27.309042133330124,104.88000000000001
5,72.4496,26.30627217680225,104.88000000000001
6,78.383,25.06431349548597,107
7,70.8604,27.2840290250542,107
8,71.9242,26.042375820189672,107
9,75.0118,24.747167772494695,107
10,75.95580000000001,25.71919147951584,107
