,Media,Desvio,Melhor Fitness
1,70.41059999999999,27.534798267646707,106.82
2,67.2404,28.690070335222256,107
3,67.493,31.185260412573115,106.82
4,70.4474,29.505238538944234,105
5,65.60959999999999,27.959435971421165,107
6,63.87919999999999,29.993192950401266,107
7,71.767,27.585812929837683,104.88000000000001
8,75.14,24.163412341803053,105
9,72.24880000000002,27.518947264748338,107
10,77.53620000000001,24.514665438467645,107
