,Media,Desvio,Melhor Fitness
1,69.4434,29.042056821788638,107
2,71.994,25.964064319747784,107
3,72.1004,24.672935776676436,107
4,71.6818,28.039033663091885,106.82
5,74.9778,24.146296427402696,105.28
6,74.7254,24.245094655208092,107
7,69.8334,28.794415855161915,106.82
8,77.451,25.18216168242909,107
9,68.953,27.30770812426411,107
10,73.2886,24.591389266163876,106.82
