,Media,Desvio,Melhor Fitness
1,71.50659999999999,28.037438835243133,107
2,74.29339999999999,28.031390840270486,107
3,68.216,27.464152490109722,104.88000000000001
4,68.6842,27.68648367633564,106.82
5,69.36319999999999,30.2884747347898,105
6,74.12519999999999,29.68554996896638,107
7,68.9874,28.786620316390042,107
8,68.10079999999999,29.759977543002282,105.28
9,73.78020000000001,26.453248646621837,105
10,70.79520000000001,27.945065270276253,105.28
