,Media,Desvio,Melhor Fitness
1,69.8052,26.022493288691614,105.28
2,69.7372,27.31936954177384,104.88000000000001
3,76.47800000000001,23.080760906001345,107
4,70.0996,28.934187250379093,106.82
5,74.1236,27.134971882056554,106.82
6,74.1608,25.23012737502528,106.82
7,75.14079999999998,25.279872771831744,107
8,71.1604,27.38435801401961,105
9,67.56280000000001,27.64505106090419,104.88000000000001
10,69.004,27.532833344935643,106.82
