,Media,Desvio,Melhor Fitness
1,67.2578,29.155584013358403,106.82
2,76.04599999999999,25.17571139014745,107
3,68.7274,27.924123571564422,107
4,71.796,27.33998039501858,105
5,73.9208,27.481129659459054,106.82
6,71.71940000000001,26.842201318818844,107
7,71.8856,29.96146592942341,107
8,70.2292,28.42785963381697,106.82
9,68.31760000000001,26.97772655803302,106.82
10,75.06620000000001,28.63972621307683,107
