,Media,Desvio,Melhor Fitness
1,69.5914,28.05678132003028,107
2,66.4832,28.19916746572494,104.88000000000001
3,72.803,27.113329913531462,106.82
4,70.17099999999999,30.054565626540008,107
5,71.4614,26.3616901210829,106.82
6,72.12419999999999,25.899883751862667,107
7,70.6296,27.38641261355711,106.82
8,70.87559999999999,27.27046205402468,107
9,75.4468,27.073605924590098,107
10,72.20819999999999,27.364164901564234,107
