,Media,Desvio,Melhor Fitness
1,69.91919999999999,26.29500209849773,107
2,70.1204,30.597785668900947,106.82
3,71.55799999999999,29.04731567632369,107
4,74.8776,22.367381836951772,105.28
5,74.5856,23.572758528437014,105
6,77.23559999999999,23.94382034346232,107
7,70.8092,26.244869124459353,105.28
8,75.1144,25.291991472400902,105
9,71.9588,26.543874746539927,107
10,68.2216,31.356499253583777,106.82
