,Media,Desvio,Melhor Fitness
1,76.2568,23.74876851038807,107
2,69.7032,27.831786248101288,106.82
3,66.22,27.06393230851718,104.4
4,68.7708,29.559109380358535,105.28
5,69.68960000000001,30.766124810251938,105.28
6,66.67559999999999,26.07438690822854,104.86
7,80.4468,21.152765345457787,105.28
8,65.3896,27.515284549500844,107
9,74.6572,26.12643810702102,107
10,62.163199999999996,29.527027174437997,105.28
