,Media,Desvio,Melhor Fitness
1,75.43,27.697079196189623,107
2,72.378,26.639345262224445,107
3,75.2222,25.982131844019264,106.82
4,66.0604,30.223484905616033,107
5,77.4338,22.26355904971171,106.82
6,69.3334,27.551923352826023,107
7,73.65440000000001,26.40602644549157,107
8,73.24980000000001,27.0440287671789,107
9,73.8512,26.255718511592857,106.82
10,70.6832,28.988028386904826,106.82
