,Media,Desvio,Melhor Fitness
1,72.0376,25.343561435599376,107
2,64.0724,29.588743235223763,104.88000000000001
3,72.914,29.223144320897433,105.28
4,68.2952,27.37023567600396,104.4
5,74.87,24.42217066519682,105.28
6,66.146,29.74541154531233,105.28
7,70.946,26.403475604548728,107
8,77.65840000000001,24.839033746102118,107
9,73.1164,27.28334193312835,107
10,71.2476,27.534627185418724,105
