,Media,Desvio,Melhor Fitness
1,68.51320000000001,26.229103106282533,106.82
2,77.49719999999999,21.929233460383422,102.34
3,66.202,26.685398629212948,104.88000000000001
4,73.99119999999999,22.824859135600377,107
5,72.6456,27.576679434623742,106.82
6,73.7928,24.169904512844067,104.4
7,68.996,25.306421319499126,105.28
8,72.3952,22.911649285025295,103.04
9,72.8324,26.352468086310246,107
10,72.9908,29.956920859127028,105.28
