,Media,Desvio,Melhor Fitness
1,73.333,25.23468666340044,106.82
2,74.82820000000001,26.052332271027097,107
3,73.1542,27.296137792002735,107
4,71.8558,28.119502313518993,107
5,68.55919999999999,29.941667811930586,107
6,67.90079999999999,28.806439546740236,106.82
7,75.6036,25.336665033898996,105.28
8,70.2706,28.901152565944493,106.82
9,76.3154,27.26099218370454,107
10,74.867,22.23350541412667,107
