,Media,Desvio,Melhor Fitness
1,73.4266,27.423118576121134,106.82
2,71.8196,28.65365498221824,107
3,72.1746,28.16375100798897,106.82
4,65.3198,29.016863303258678,105.28
5,76.58239999999999,22.724261093377713,105
6,67.6986,29.348643614995225,107
7,69.0282,27.151218623848173,106.82
8,72.0198,25.455788574703394,107
9,65.638,27.46545663192222,105
10,74.0304,28.24572781572463,107
