,Media,Desvio,Melhor Fitness
1,77.20280000000001,26.39540111761895,106.82
2,71.156,30.215588559549854,105
3,82.0608,19.81554701137468,107
4,71.484,27.597387702461987,107
5,75.538,25.774324976611904,107
6,71.15799999999999,26.18116429802159,105
7,71.2736,29.218191714067455,105.28
8,73.26719999999999,23.036290590283848,104.88000000000001
9,73.3668,29.5669281759198,107
10,68.68520000000001,28.120870487237767,105.28
