,Media,Desvio,Melhor Fitness
1,73.9322,24.924701626298358,105.28
2,70.84219999999999,28.54594246403506,107
3,66.41239999999999,29.58145361945555,107
4,68.53819999999999,26.85805832073495,107
5,70.3404,25.770150326298058,107
6,73.8836,25.23390360289109,106.82
7,71.4386,25.609698515210987,104.86
8,74.077,27.390122800016798,107
9,72.9036,24.441050776102077,106.82
10,70.4598,25.871220070959154,105.28
