,Media,Desvio,Melhor Fitness
1,65.57,27.188105119702623,106.82
2,65.65280000000001,31.44029332178693,107
3,71.9328,27.820504599305888,105.28
4,69.6728,24.459420029101263,102.34
5,75.1076,28.00650835502348,107
6,68.1292,28.924099629201944,106.82
7,68.98559999999999,25.805424558414067,107
8,67.256,29.630470802874527,107
9,72.22319999999999,26.7031606698533,107
10,70.9444,29.92921897811568,104.88000000000001
