,Media,Desvio,Melhor Fitness
1,72.49579999999999,28.401786041726318,107
2,70.54599999999999,26.615714380793914,107
3,73.4786,24.469237054718317,107
4,72.9692,27.946666122455465,106.82
5,72.41539999999999,26.186410499341065,106.82
6,75.0472,23.02805411145284,105.28
7,71.018,27.555736607828138,105.28
8,67.77120000000001,28.637903319901056,107
9,69.19500000000001,24.53435148928946,107
10,72.0012,29.60077496553088,107
