,Media,Desvio,Melhor Fitness
1,71.6688,23.662358685473432,105.28
2,72.31,27.81263403563208,107
3,62.3792,30.944762648306092,105.28
4,71.9336,22.153161558567664,105
5,69.3492,28.57908415887395,106.82
6,70.9832,26.076344639538725,106.82
7,66.1172,29.571344239990175,106.82
8,68.8216,26.649866893476222,104.88000000000001
9,73.42519999999999,25.598411141318905,104.88000000000001
10,71.6456,24.757215688360432,105.28
