,Media,Desvio,Melhor Fitness
1,67.31230769230768,30.018578901905748,104.86
2,80.15230769230769,21.935093818545713,106.82
3,75.15153846153846,22.8510051440779,104.4
4,81.3623076923077,27.029799695847416,105.28
5,70.59153846153846,28.17279002216742,105
6,70.84384615384616,23.833177921177136,105
7,70.88076923076923,25.408304808751762,102.34
8,81.22000000000001,25.13499001545302,105
9,69.50923076923077,26.894606969124286,104.86
10,61.96769230769231,26.188793303139345,97
