,Media,Desvio,Melhor Fitness
1,75.82119999999999,26.33391058236509,107
2,72.03399999999999,27.47577179989672,107
3,66.99759999999999,29.951107662989696,106.82
4,68.8124,27.095517678021956,106.82
5,73.542,26.501686663305033,106.82
6,75.3372,28.090863286129174,106.82
7,74.5412,23.243985341588907,105.28
8,70.5936,28.052065432691407,107
9,71.1648,27.51695508154927,104.88000000000001
10,77.9742,25.25954952804978,107
