,Media,Desvio,Melhor Fitness
1,77.6306,25.029481569541147,105.28
2,71.121,26.674036871084958,107
3,69.09479999999999,25.59007098387967,107
4,73.21300000000001,28.163165358318654,107
5,71.92,28.648360930426715,106.82
6,72.10759999999999,26.676131170767622,106.82
7,74.70439999999999,27.7671946843753,107
8,69.113,31.768501428301587,106.82
9,67.9012,29.25333715253697,105
10,70.1464,27.72293359368738,106.82
