,Media,Desvio,Melhor Fitness
1,72.4368,24.671335710901424,106.82
2,72.65199999999999,26.9234473275619,107
3,77.1964,26.251492205968027,105.28
4,79.0476,25.183533632911804,107
5,73.384,28.92484302463887,107
6,69.5244,30.807004213977056,105.28
7,65.28160000000001,30.198151954051756,106.82
8,68.9096,26.705020723451984,106.82
9,60.92,32.322365507493416,104.88000000000001
10,74.92439999999999,26.805134818538033,107
