,Media,Desvio,Melhor Fitness
1,77.18759999999999,22.058501813133184,107
2,76.05279999999999,25.37472640561864,105.28
3,73.9226,28.06841593749102,107
4,71.709,28.537310927976378,104.88000000000001
5,72.722,27.82641486070385,107
6,74.059,27.615841015620006,107
7,68.78659999999999,27.47820256930937,104.88000000000001
8,66.46740000000001,29.493267795210482,105
9,75.395,24.10095091484981,107
10,70.54400000000001,28.485619249017564,107
