,Media,Desvio,Melhor Fitness
1,66.93923076923076,27.69302799276894,104.86
2,77.23076923076923,26.85413432187891,105.28
