,Media,Desvio,Melhor Fitness
1,70.98769230769231,25.954056494519502,105.28
2,65.07769230769232,26.648543517378826,103.04
3,69.91307692307693,24.527612033604207,103.04
4,67.44538461538461,26.428527452614713,102.34
5,68.75461538461539,29.729024180053823,107
6,76.07461538461538,28.030467795812307,104.4
7,69.60307692307691,25.791818435791846,105.28
8,76.46153846153847,28.107264280350087,105
9,75.91615384615385,23.806429008361953,107
10,79.37692307692306,26.296210134839225,107
