,Media,Desvio,Melhor Fitness
1,69.2868,26.36358051858662,105
2,68.332,26.231997255260605,107
3,69.81479999999999,26.83623574497735,104.88000000000001
4,66.038,28.294991005476568,106.82
5,70.44359999999999,26.8795600231849,106.82
6,73.2428,25.764593071888402,106.82
7,74.5868,25.32194293019396,105.28
8,73.1568,27.133482595494446,104.88000000000001
9,73.3784,27.18887149993541,107
10,66.7852,30.02169157392701,104.88000000000001
