,Media,Desvio,Melhor Fitness
1,73.0704,25.316721190549142,106.82
2,70.29560000000001,27.400997000839222,106.82
3,68.21079999999999,28.988983206728726,107
4,71.8706,28.217005150086358,105.28
5,72.7316,26.695746954149833,107
6,70.9616,28.452016263175445,107
7,77.1618,25.739299461329555,107
8,72.1282,27.163777954474593,107
9,76.774,27.661330915196398,107
10,74.5016,23.4335365969373,107
