,Media,Desvio,Melhor Fitness
1,65.41076923076923,26.07599735139238,105
2,79.90923076923076,24.847911059557273,104.88000000000001
3,65.75923076923077,26.313425927151116,107
4,71.21384615384616,28.748212396187895,104.88000000000001
5,58.110769230769236,30.93464735697809,102
6,66.78461538461539,24.2215494058762,105.28
7,70.55153846153847,26.983203991244928,105
8,69.75846153846155,27.555783937358175,102.34
9,72.89846153846153,17.900867123884872,100.62
10,63.54692307692307,28.142455713911456,105.28
