,Media,Desvio,Melhor Fitness
1,68.14800000000001,27.009954016991585,105
2,74.06199999999998,28.23414507294315,105
3,65.1176,31.80368497894544,106.82
4,75.8956,24.54876951376586,104.88000000000001
5,69.08760000000001,31.514877728463425,107
6,57.83520000000001,28.37963961998108,105.28
7,70.2224,27.115207434943223,107
8,77.4612,22.612185532583975,105.28
9,72.9444,24.064958189034943,103.04
10,74.59720000000002,24.651271126657953,104.86
