,Media,Desvio,Melhor Fitness
1,71.78540000000001,23.906256562665767,106.82
2,65.86,28.34163707339433,106.82
3,71.8114,28.09788807081415,107
4,72.8576,26.875484781488126,107
5,66.9984,30.281360561242955,105.28
6,68.78779999999999,26.86793686087564,106.82
7,72.5694,26.362332135833505,105
8,73.8528,28.024858039961597,107
9,70.3974,26.810699305314657,105.28
10,70.675,27.397423875247828,106.82
