,Media,Desvio,Melhor Fitness
1,75.0266,26.616224083066328,106.82
2,72.9128,28.407019205823058,107
3,65.15,30.215848358105056,107
4,76.21499999999999,24.13775223586488,107
5,71.1306,28.27069570491678,107
6,69.61399999999999,27.79186161450866,106.82
7,69.6176,28.19881632693117,107
8,75.7378,25.938499246486874,106.82
9,76.4178,25.456334047933925,107
10,67.71860000000001,27.14967318477333,104.88000000000001
