,Media,Desvio,Melhor Fitness
1,79.39920000000001,25.858261646135457,107
2,72.1474,27.806813503887856,107
3,71.2636,28.537584674250205,107
4,71.0948,29.386767310474966,107
5,70.92,28.653071597998007,107
6,76.2144,24.168385809565358,107
7,70.48819999999999,29.45320588255207,106.82
8,71.2988,27.233338366054205,107
9,70.7324,28.312483999818877,107
10,73.63,26.831382148521534,107
