,Media,Desvio,Melhor Fitness
1,70.7176,27.546750847241494,107
2,73.6564,28.235335787626113,106.82
3,61.48479999999999,34.15743516366532,106.82
4,72.928,27.52981017006837,105.28
5,77.6512,22.000626231087153,105.28
6,67.6364,27.815698787555203,105.28
7,70.9816,28.422495552642808,105.28
8,72.25319999999999,27.587863305446472,105
9,72.3264,25.746234657518368,106.82
10,69.6332,26.91765565126354,107
