,Media,Desvio,Melhor Fitness
1,66.83384615384615,30.858791924721462,104.88000000000001
2,73.68307692307692,27.468969173516893,105.28
3,66.91230769230769,32.84971517353306,102.96
4,68.78,28.33914878478452,106.82
5,66.99153846153847,27.03175805949332,105
6,75.98307692307692,26.51110634740304,105
7,67.45769230769231,30.675109592643835,105.28
8,76.43230769230769,23.70916543119532,104.88000000000001
9,72.9353846153846,24.72674124393222,102.96
10,74.61153846153846,31.252838971635555,107
