,Media,Desvio,Melhor Fitness
1,73.47279999999999,28.34449809328082,105
2,75.5728,21.13309509182221,105
3,79.872,23.35642061618175,106.82
4,77.4304,24.70397093262539,105
5,74.4832,22.34466571152945,104.88000000000001
6,75.5804,23.288997398771805,107
7,70.9872,24.89412678042755,104.88000000000001
8,67.24520000000001,28.0536183220632,105
9,69.0868,24.661257911144755,105.28
10,77.0536,23.945256378665068,107
