,Media,Desvio,Melhor Fitness
1,78.40230769230769,23.047545724118333,107
2,71.84,28.63013044383084,102.34
3,68.57923076923076,30.525827894408582,103.04
4,70.05307692307693,27.412840866621217,107
5,61.15846153846154,28.557801533072656,104.88000000000001
6,80.22538461538463,17.45701054475718,104.86
7,72.86153846153846,26.039508989271802,100.04
8,75.13153846153847,28.63968101083472,106.82
9,64.56615384615385,28.604130293062315,101.64
10,70.07000000000001,24.1996250765617,105
