,Media,Desvio,Melhor Fitness
1,76.08959999999999,24.503384007928375,106.82
2,77.266,25.15172495078618,105.28
3,70.1944,24.685616553774793,104.88000000000001
4,65.05680000000001,30.468815102658652,107
5,72.0332,27.27569954666608,105.28
6,77.8576,26.94519553167132,107
7,75.6456,23.48563136558181,105.28
8,68.67040000000001,29.50684428806306,107
9,70.2864,27.21671558142165,107
10,72.9772,29.01849451918552,107
