,Media,Desvio,Melhor Fitness
1,70.8876,28.458116983384546,107
2,67.92439999999999,29.82386421374668,107
3,67.33099999999999,29.391926289374094,106.82
4,68.2942,26.577129460496668,106.82
5,72.2682,25.60582075935079,105.28
6,70.3512,26.167339233479584,106.82
7,67.44059999999999,28.17974796977432,107
8,74.1902,28.600863832408983,106.82
9,72.0172,27.73092555541556,107
10,70.28739999999999,28.236603854571463,107
