,Media,Desvio,Melhor Fitness
1,70.51230769230769,30.21578959465402,104.86
2,71.29615384615384,28.800615388313528,106.82
3,66.83769230769231,29.07936055107078,103.04
4,61.638461538461534,26.734780529131495,105.28
5,79.15076923076923,26.88188708506971,107
6,74.14923076923077,23.518882254163504,106.82
7,86.22000000000001,16.1035065459956,105
8,76.88846153846154,23.04821312818777,104.88000000000001
9,64.08,26.845078047653637,98.28
10,70.24384615384616,27.00746222762019,106.82
