,Media,Desvio,Melhor Fitness
1,66.7012,30.147915990330077,102.34
2,67.6296,28.40010119418591,102.34
3,64.3424,28.394960296503324,107
4,73.0392,27.83809762465819,105
5,69.4792,26.40179962351052,104.88000000000001
6,73.9612,25.903123644842523,107
7,74.5764,28.02628871327775,106.82
8,73.9384,26.18926859307071,107
9,75.1488,26.753716200931787,107
10,74.9092,24.43540552886324,105.28
