,Media,Desvio,Melhor Fitness
1,71.3812,28.54428458658581,107
2,67.9316,26.567982261361134,105
3,69.01,26.83796303745871,107
4,71.63,23.28085470939587,107
5,68.1004,29.43716494229701,105.28
6,80.2208,23.886163680256402,105.28
7,69.9404,29.321712771255363,107
8,66.9632,26.47871216203688,104.4
9,78.148,20.253827292637805,107
10,75.6652,25.89383055787614,106.82
