,Media,Desvio,Melhor Fitness
1,77.19384615384615,26.876963409771154,105
2,71.85615384615384,25.846659072443014,99.2
3,74.33615384615383,26.805737628770547,104.88000000000001
4,64.55230769230769,29.31716697244024,107
5,79.29307692307692,19.760295810856285,107
6,69.57615384615384,21.970667872087144,102.34
7,64.50076923076924,27.261024011902315,104.88000000000001
8,70.02538461538462,30.633911605224142,103.04
9,70.28692307692307,24.91000475083035,105
10,79.25538461538463,27.67084236447751,107
