,Media,Desvio,Melhor Fitness
1,68.95120000000001,28.21551379223848,104.88000000000001
2,68.78479999999999,27.604513996084048,104.88000000000001
3,76.1516,26.350301429774955,104.88000000000001
4,73.36919999999999,26.138928580949912,105.28
5,75.5688,21.685806661500973,105
6,70.15879999999999,28.60011312145461,105.28
7,73.7744,24.03945158775466,107
8,69.86240000000001,27.961207596239472,106.82
9,74.8308,25.216422651914762,106.82
10,75.964,25.6784899867574,105.28
