,Media,Desvio,Melhor Fitness
1,70.76620000000001,25.61739404311063,106.82
2,70.7254,25.092913558213997,107
3,72.0814,28.083248993661687,107
4,74.6206,27.220767139079676,107
5,72.2746,27.382329463360126,107
6,70.8116,26.738182912082863,107
7,72.62119999999999,27.62200801100456,107
8,71.56700000000001,26.618198041941156,105.28
9,72.304,26.793856161441187,106.82
10,69.58019999999999,27.077132565321612,105.28
