,Media,Desvio,Melhor Fitness
1,70.1376923076923,24.922441741668568,100.62
2,64.43153846153847,30.90122186933312,102
3,74.74230769230769,24.872414949975944,101.64
4,67.48923076923077,25.6145657064757,104.88000000000001
5,71.58538461538461,25.085177699922447,104.88000000000001
6,77.84769230769231,28.940955848827578,105.28
7,72.42923076923077,32.224894452662014,107
8,77.76307692307692,20.41227360216072,105
9,72.24461538461539,26.52224512349082,107
10,78.02153846153846,24.498946239867244,106.82
