,Media,Desvio,Melhor Fitness
1,67.53769230769231,27.329719144563303,104.88000000000001
2,71.85461538461537,22.76254180594636,104.86
3,64.58384615384615,32.279889914611054,105.28
4,72.18846153846154,26.687513169488042,106.82
5,73.52461538461537,14.279186906061035,104.86
6,62.87538461538462,30.520185657108623,102.34
7,61.74230769230769,29.16681693396061,106.82
8,59.18692307692307,29.364935627014376,102.34
9,71.39384615384616,21.64712435635293,106.82
10,71.83923076923078,22.644137621889097,102.96
