,Media,Desvio,Melhor Fitness
1,69.0808,28.005598000399846,106.82
2,75.6636,26.4067790356946,106.82
3,73.556,23.82014374431859,107
4,71.4508,30.352211968158105,107
5,73.2376,28.718274778266192,104.4
6,70.0324,28.1008836558568,107
7,76.7652,26.254067512673156,107
8,68.192,26.46253049124365,105.28
9,75.544,25.504439143019788,107
10,73.6024,26.886528861866864,105
