,Media,Desvio,Melhor Fitness
1,69.49384615384615,20.847436122924282,104.88000000000001
2,69.4,27.84377295388849,98.28
3,68.37538461538462,30.55925759654627,107
4,72.51384615384616,28.98435587014313,107
5,66.54230769230769,27.817728341098803,105.28
6,72.41230769230768,24.917641002632944,106.82
7,66.78384615384616,30.753051640562447,106.82
8,68.54384615384615,26.059387807456417,106.82
9,69.80538461538461,22.822767011973816,104.4
10,75.7323076923077,21.268276178327973,105.28
