,Media,Desvio,Melhor Fitness
1,67.8516,32.77735293522038,107
2,74.89959999999999,23.279687451510167,105.28
3,69.8752,28.67388764991591,107
4,74.7956,23.340864864867367,107
5,75.7472,27.320854674771798,106.82
6,75.61439999999999,25.839722611514237,106.82
7,66.998,26.52930221472099,105
8,68.4068,25.282278254935807,102.96
9,68.88719999999999,28.818752716937627,107
10,75.2992,25.372309933468806,105
