,Media,Desvio,Melhor Fitness
1,75.6448,24.715830573945922,105.28
2,71.1808,24.329159775051828,107
3,74.0392,25.73049582421606,107
4,70.3588,30.844066764290343,105.28
5,72.38159999999999,26.79062308793881,105.28
6,76.2276,26.913521030143936,107
7,75.5496,26.54841682360739,107
8,75.3232,23.80331451205903,107
9,71.2292,29.709636473036824,105
10,69.0568,26.711634127473367,106.82
