,Media,Desvio,Melhor Fitness
1,67.89461538461538,25.648719000966356,105
2,79.74384615384616,20.982779766884132,106.82
3,63.388461538461534,33.108295578218375,104.88000000000001
4,78.12846153846154,24.557401624687678,107
5,74.66692307692307,29.365329081605843,104.88000000000001
6,74.06153846153846,26.61490092935328,107
7,63.66692307692308,28.116104852397424,107
8,75.57384615384616,23.578328230181576,103.04
9,71.48769230769231,29.122738711514952,107
10,72.86923076923077,28.92968038365775,102.34
