,Media,Desvio,Melhor Fitness
1,70.13692307692307,29.637532178126225,107
2,71.20307692307694,27.871582269847043,107
3,84.22153846153846,21.686322469439595,104.88000000000001
4,77.50923076923075,25.765640943986583,105
5,69.58461538461539,25.54088385175803,106.82
6,79.08615384615385,22.681319843044523,103.04
7,71.33384615384617,29.761289658383046,107
8,66.33076923076922,29.408354768288465,102.34
9,66.70538461538462,33.844333036687615,107
10,72.14846153846155,30.43587214156597,104.4
