,Media,Desvio,Melhor Fitness
1,80.91076923076922,19.116590644511444,104.88000000000001
2,63.887692307692305,24.23325628262062,102.34
3,74.11153846153846,20.994441149304205,107
4,74.00538461538461,28.565306853266986,104.88000000000001
5,63.82692307692308,28.666127393900165,105
6,72.30692307692308,29.594941845528886,103.04
7,67.83923076923077,22.86308040405164,101.64
8,77.36846153846153,21.987138319465082,104.4
9,71.2,25.589073389301866,105
10,67.47538461538461,21.76537639158707,105.28
