,Media,Desvio,Melhor Fitness
1,73.67559999999999,26.43760497170649,107
2,75.93419999999998,26.629992458879897,107
3,70.76939999999999,28.12913570730533,107
4,67.752,29.56395426866981,107
5,68.2864,29.853667899271606,107
6,69.73519999999999,29.203029174385314,106.82
7,68.5902,27.71262823984762,106.82
8,70.9464,28.788405010350957,106.82
9,71.7428,27.603280532574384,107
10,71.118,24.92658380123518,107
