,Media,Desvio,Melhor Fitness
1,64.11615384615385,25.896594976192272,102
2,68.47307692307692,27.12660229499828,107
3,70.60153846153845,30.916634269535436,105
4,65.03230769230768,30.27878824774002,105
5,70.93,25.393201543235637,105.28
6,63.08461538461539,27.7621404116593,103.04
7,74.05846153846154,25.171351189597654,104.88000000000001
8,76.30384615384615,19.343698651364296,104.88000000000001
9,78.24384615384615,23.27770344159391,104.88000000000001
10,73.23923076923077,23.61081009314246,104.4
