,Media,Desvio,Melhor Fitness
1,72.31384615384616,29.881131051207017,105.28
2,74.32615384615384,23.229210238060695,107
3,68.28461538461539,24.69239079784721,104.86
4,72.09615384615384,29.395998691203783,104.86
5,69.67846153846153,26.326598964122798,104.88000000000001
6,62.63076923076923,25.785569148873964,101.64
7,64.20307692307692,31.213931649090327,105.28
8,66.57846153846154,27.131998663557575,105.28
9,68.33076923076922,32.19144474534965,105.28
10,78.92,23.018482206195156,103.04
