,Media,Desvio,Melhor Fitness
1,70.9284,28.293229745647636,103.04
2,71.03559999999999,30.79373086587593,107
3,70.7024,29.985849099867092,107
4,73.2632,30.237878856824597,107
5,77.89399999999999,25.538525329392062,106.82
6,75.5792,23.95253338083469,106.82
7,77.69720000000001,26.028475486666522,104.88000000000001
8,74.75280000000001,23.962824461235783,107
9,64.88999999999999,28.335773643929326,102.96
10,75.064,26.690700103219474,105.28
