,Media,Desvio,Melhor Fitness
1,67.3096,28.085618024889538,106.82
2,74.198,24.937879380572838,104.88000000000001
3,72.3194,27.883957173256455,106.82
4,71.5476,27.48210876625009,107
5,71.5452,26.378568819403377,107
6,73.861,27.658987020496614,105.28
7,68.4314,30.311464267501165,106.82
8,69.4334,28.59051941535865,107
9,72.8064,25.16501839935747,105.28
10,71.8124,27.503706045549567,107
