,Media,Desvio,Melhor Fitness
1,69.1416,26.287825878912088,105
2,72.81080000000001,28.052143792587405,107
3,73.3212,25.66839719499447,106.82
4,64.162,29.399294753446043,107
5,72.6648,28.154807066644945,104.86
6,65.7872,28.881366660184213,107
7,67.99,26.13523422508396,104.86
8,71.2264,27.14376464383671,107
9,71.3436,26.135245685472327,105.28
10,68.38680000000001,29.874515590382384,106.82
