,Media,Desvio,Melhor Fitness
1,69.81615384615385,28.039718543101166,107
2,67.93307692307692,25.84021608763404,104.88000000000001
3,70.58,24.066775054802452,105.28
4,69.52615384615386,24.785595549543732,104.86
5,73.78153846153847,22.904068112339225,104.86
6,68.21692307692307,24.08296218191652,104.88000000000001
7,67.52384615384616,30.96768192275035,102.96
8,67.95923076923077,25.27787447294219,107
9,67.89923076923077,29.869484031890487,106.82
10,80.91384615384617,20.78471018597067,105.28
