,Media,Desvio,Melhor Fitness
1,71.712,26.837198661559295,106.82
2,73.812,27.584279580949726,107
3,73.6036,28.011342185621878,105
4,66.758,29.58535509335658,107
5,62.27959999999999,28.533879509102857,106.82
6,74.1484,23.104517684643408,104.4
7,74.68759999999999,22.556945498892354,105.28
8,78.85719999999999,20.88980881099681,106.82
9,75.652,24.234169265728916,107
10,72.1888,24.262145712199487,107
