,Media,Desvio,Melhor Fitness
1,66.1116,27.415461941028827,104.88000000000001
2,65.2436,26.430603077493334,104.88000000000001
3,66.82520000000001,24.708285836131978,106.82
4,72.82960000000001,23.27288387458675,104.88000000000001
5,71.6852,28.823497861293653,105
6,71.01599999999999,28.254140935445196,104.88000000000001
7,70.71,28.677568725399297,105.28
8,66.3108,32.63153964127344,107
9,63.5508,29.53610487792864,105.28
10,75.06760000000001,29.955450893618675,106.82
