,Media,Desvio,Melhor Fitness
1,73.0988,26.045040191176515,105
2,70.7836,27.535706764853522,105.28
3,68.50039999999998,27.43677633833829,104.88000000000001
4,70.62400000000001,26.974854661332284,106.82
5,72.6164,24.382991675346158,106.82
6,74.6644,28.355573220092023,106.82
7,77.32479999999998,20.022732504830604,105
8,73.6896,23.93519692503072,107
9,73.72399999999999,23.78264711927585,105.28
10,75.7044,26.59878652570451,106.82
