,Media,Desvio,Melhor Fitness
1,74.69279999999999,26.068371567092566,107
2,69.3418,26.517895104249884,106.82
3,72.8074,23.837391745742654,106.82
4,70.353,25.585926346333448,106.82
5,75.0528,26.370150476627924,105.28
6,71.1396,27.67460799794642,105
7,70.07980000000002,28.915580228658737,107
8,69.4046,26.04570380772998,107
9,65.94319999999999,27.494248666948508,106.82
10,76.91979999999998,27.060980691024483,107
