,Media,Desvio,Melhor Fitness
1,114.54655213552851,119.16829510567271,309
2,109.38153846153848,154.39091016261753,309
3,99.29485766758495,147.74949927113815,309
4,111.61955922865013,158.2428798802725,309
5,115.26579430670338,148.14551992441352,309
6,97.23809523809524,148.01532324164202,309
7,119.14677002583979,137.0879492404715,309
8,126.45730027548207,144.10778185992962,309
9,95.9234375,162.79917115945673,309
10,91.271679197995,162.756349632887,309
