,Media,Desvio,Melhor Fitness
1,112.7614748887476,163.33811111512722,309
2,120.74706505615596,142.27783245122183,309
3,124.6989039329465,129.7030050302305,309
4,115.14291854717388,135.08093778833322,309
5,120.81587093961197,146.90922339421437,309
6,114.0148395721925,152.14790570992383,309
7,108.87471861471862,165.1597681157147,309
8,130.5783926218709,130.03579106472736,309
9,114.10098164746051,153.94329549649197,309
10,135.78005587792822,140.5744576646575,309
