,Media,Desvio,Melhor Fitness
1,154.93620202020205,116.10056792240646,309
2,145.8949494949495,120.6781927956617,309
3,162.08824242424242,130.89070160491258,309
4,146.14743434343433,132.2745674043208,309
5,144.29870707070708,138.01769905237023,309
6,155.0020202020202,140.24884167792908,309
7,162.92412121212124,110.68386866366052,309
8,155.23066666666665,110.90696018537267,309
9,135.89292929292927,143.28377304609432,309
10,154.79062626262623,112.70637670036781,309
