,Media,Desvio,Melhor Fitness
1,122.37450980392155,132.71206441718857,309
2,119.20199004975125,142.55071124812622,296.3636363636364
3,75.72784992784995,180.3856820765102,309
4,130.58227046585253,118.66940122718833,309
5,109.16164772727272,128.10059782653428,309
6,100.10729166666667,158.86067576351311,309
7,124.36297348484848,143.32384255735474,309
8,101.49794721407623,170.3919515933762,296.3636363636364
9,139.2873106060606,114.00564333513285,309
10,123.53737373737373,122.5264879661819,309
