,Media,Desvio,Melhor Fitness
1,106.32834224598932,159.7955811279066,309
2,117.12259740259742,139.97427386115754,309
3,115.92548015364918,180.32177094496444,309
4,113.03291245791246,138.6839876576811,309
5,128.2107843137255,127.10969733985785,309
6,133.83591800356507,127.3634889445153,309
7,134.3375674553757,130.0740598486438,309
8,129.3705627705628,139.85343943153427,309
9,154.81519419547584,129.47186949734981,309
10,142.86325224071703,111.53743291260442,309
