,Media,Desvio,Melhor Fitness
1,134.16653679653683,131.38210107143823,309
2,133.11392182696528,147.35917716048792,309
3,125.5573623559539,162.72999285658486,309
4,133.714812460267,132.80653205729672,309
5,150.70629701267995,135.42584582480296,309
6,128.9595365418895,116.36609615381975,309
7,122.94101888449713,148.0792040531777,309
8,134.0789983164983,144.2280143405111,309
9,139.9439931227165,121.97971992600985,309
10,124.22394154309045,134.81220256047243,309
