,Media,Desvio,Melhor Fitness
1,159.5999191919192,166.5107515209692,309
2,146.9681616161616,132.17397358182333,309
3,159.9037575757576,123.60123973634896,309
4,139.29624242424242,149.9854775982667,309
5,134.24581818181818,142.47781531431312,309
6,164.3591111111111,141.20721849413766,309
7,159.32145454545454,117.7628004203491,309
8,146.1460202020202,128.7165083904063,296.3636363636364
9,172.1819797979798,140.0431770507944,309
10,148.6508282828283,181.3370002327166,309
