,Media,Desvio,Melhor Fitness
1,168.19984459984457,144.50634462964982,309
2,200.29230769230773,126.48547129364198,309
3,131.27536907536907,179.6990534819707,309
4,145.25858585858586,122.25117086519539,309
5,164.13721833721834,99.53607443384789,309
6,138.85330225330225,196.9080296230364,309
7,203.20528360528363,136.52173162819645,309
8,141.62222222222223,141.85093129813183,309
9,125.12882672882672,236.79683318249042,309
10,151.26993006993007,112.07190053485229,309
