,Media,Desvio,Melhor Fitness
1,115.93805774278215,152.43762932896294,309
2,113.73602150537631,122.08885318529586,309
3,106.10204369274138,162.0660236380459,309
4,126.98204775022957,142.657104253124,309
5,104.85335169880624,158.5361527106773,309
6,129.15887445887446,149.2318454541267,309
7,120.60940285204991,144.84590765802938,309
8,92.88105444690811,151.5385444772595,309
9,103.89897360703812,161.04713093529077,309
10,113.42197547999076,152.23398571216924,309
