,Media,Desvio,Melhor Fitness
1,92.24153297682709,164.612896846197,309
2,122.61506493506495,150.66491038579227,309
3,142.55454545454546,122.86871428977949,309
4,131.43493761140817,136.3785188952096,309
5,128.27155425219942,143.12304417001386,309
6,138.91670995670995,89.05943883723744,309
7,119.35792207792207,188.7245566283706,309
8,101.78984438984436,178.08323221102745,309
9,99.23250688705235,161.51048554822154,309
10,132.17794612794614,151.4758531066448,309
