,Media,Desvio,Melhor Fitness
1,177.78399378399376,96.0354011674272,309
2,155.9839937839938,101.3000948755617,309
3,144.08174048174047,121.549567333127,309
4,134.6769230769231,163.01741546999395,309
5,85.93846153846155,177.22099868356023,309
6,175.79409479409478,161.9291334847611,309
7,205.86635586635586,119.81853744543663,309
8,89.54856254856256,213.74982641397625,309
9,164.5100233100233,146.231703000328,309
10,121.95151515151512,149.7141511929006,309
