,Media,Desvio,Melhor Fitness
1,155.1324110671937,109.58433295479041,309
2,115.02419818624197,165.53052297440303,309
3,107.99322109988776,170.6545011702814,309
4,152.30328638497653,116.1184071209861,309
5,125.64298302170643,155.57608538650845,309
6,127.38429364063165,113.72923030816499,309
7,140.6389671361502,122.08026286442153,309
8,143.96251082251078,127.77826570554514,309
9,140.89545454545456,123.4978665841358,309
10,115.20229568411386,151.25787218597128,309
