,Media,Desvio,Melhor Fitness
1,90.04305744007236,164.9342178164305,309
2,118.25381083562901,159.8151930359188,309
3,127.18854166666665,126.8612157720731,309
4,93.58688376300316,145.98292589926086,309
5,40.65305514157973,196.19802818125282,309
6,128.64839160839162,133.52548009273616,309
7,125.45981122702435,129.3311934267608,309
8,96.52736455463727,137.37491891065008,309
9,105.84929895974672,145.50146125967277,309
10,95.36060606060607,164.65001017456223,309
