,Media,Desvio,Melhor Fitness
1,128.4325974025974,124.61369206688586,309
2,121.25151515151515,142.85226065552231,309
3,139.94787878787878,123.05650837456172,309
4,122.58252873563218,171.58636923010974,309
5,137.37439180537774,136.54365007911943,309
6,151.96571307480397,110.50710185405075,309
7,140.17723905723906,145.52331246207223,309
8,112.54984628897671,131.37960210281548,309
9,123.05279556124626,140.57296687233438,309
10,90.49609134826525,163.43471611849642,309
