,Media,Desvio,Melhor Fitness
1,60.79878787878788,201.6263905962253,296.3636363636364
2,149.48022328548643,125.60879801423333,309
3,153.08877968877968,120.61643266317189,309
4,130.7755937755938,97.83032310689684,309
5,131.75982683982684,166.31105711249734,309
6,156.07844155844157,102.39657045638106,309
7,120.01130221130222,91.25430669634422,296.3636363636364
8,122.43376623376624,156.47424082593653,309
9,157.23168831168832,155.38353234924057,309
10,160.31818181818184,115.39709824620603,309
