,Media,Desvio,Melhor Fitness
1,112.79699282905389,135.34782492189058,309
2,108.34497733237892,162.63974337612822,309
3,132.7346947738252,143.34930396692246,309
4,106.49563820018365,167.07915518336955,309
5,118.93032616238723,138.13541804365912,309
6,103.16048860700023,156.5360687398847,309
7,104.00801717967072,128.69224456115788,309
8,124.37442137914576,146.68166620515063,309
9,117.70293984622343,130.44615488614826,309
10,118.80037878787878,121.21655288240953,309
