,Media,Desvio,Melhor Fitness
1,122.19328671328672,148.15719801046413,309
2,91.73144560357676,144.58547136628,309
3,130.76804407713502,107.27858284820714,309
4,140.6707988980716,132.18117771769872,309
5,94.70659536541889,172.53600521293052,309
6,111.01048581048583,157.37587302807972,309
7,88.8825396825397,166.5601605994086,309
8,96.82003081664098,134.30602821816052,309
9,128.2893450635386,106.08305305227742,309
10,115.96098484848486,133.12239662726452,309
