,Media,Desvio,Melhor Fitness
1,106.22819686223941,154.37711324942583,309
2,136.16645021645022,142.11165365804254,309
3,140.2926967516896,95.89705189013297,309
4,148.52146820315835,131.06456939896722,309
5,120.83190476190477,143.89371414534463,309
6,135.37841726618703,143.83048937841173,309
7,129.68140984311196,111.33557602139662,309
8,130.239052496799,127.65580664962015,309
9,127.02500529773259,137.92290315651866,309
10,134.13152356902356,144.95891717181692,309
