,Media,Desvio,Melhor Fitness
1,123.37914438502676,151.75601709682888,309
2,116.41454545454545,151.7813043230871,309
3,133.44183501683503,121.51207740706164,309
4,131.23375291375288,116.3433299976599,309
5,140.26502164502165,138.20497143658642,309
6,141.02121212121213,141.21514318803494,309
7,137.76397306397308,132.540643441744,309
8,119.2549019607843,137.69109160382033,309
9,107.52095603926588,152.69951130204754,284.58181818181816
10,97.40149319279753,156.04148334825857,309
