,Media,Desvio,Melhor Fitness
1,133.20966420966423,172.29452736937523,309
2,150.87665847665843,126.39268067288228,309
3,156.9085995085995,100.82070909333557,309
4,76.96730462519936,186.34049453983192,309
5,168.11499611499616,122.02736596665254,309
6,143.1535930735931,124.29453486363678,309
7,98.09454545454544,147.04207956463296,309
8,166.4885167464115,95.68925666888244,309
9,87.75921375921376,184.49220151088502,309
10,127.95722943722943,109.13701729728331,309
