,Media,Desvio,Melhor Fitness
1,153.00069264069265,110.29025861811407,309
2,108.53291822332919,145.25005920025617,309
3,125.07964148527526,158.38615195904964,309
4,147.642509603073,90.63940052954034,309
5,142.41980367050786,109.06985572897004,309
6,147.4714097496706,124.34128781564168,309
7,146.34668304668304,134.53130660273015,309
8,122.33426573426574,139.94362035018847,309
9,161.0768783727688,123.05736850906972,309
10,127.89436026936028,137.63447866061156,309
