,Media,Desvio,Melhor Fitness
1,158.78755555555554,129.75150528081784,309
2,142.8689292929293,132.09619015870925,296.3636363636364
3,132.5551919191919,149.2375647802764,309
4,166.65834343434344,125.76464450484589,309
5,150.49753535353534,123.52687867990001,309
6,127.50569696969697,137.97045455709406,309
7,142.91773737373737,142.4830028870441,309
8,141.6859797979798,142.589645263817,309
9,143.89042424242425,151.45735017798253,309
10,150.26622222222224,146.26418272473364,309
