,Media,Desvio,Melhor Fitness
1,107.70376492194674,171.59514813435064,309
2,121.07240829346095,176.59102967185834,309
3,101.0961506961507,191.60726142698303,309
4,131.53645021645022,118.56264916925838,309
5,152.210101010101,90.98410167273985,309
6,155.68329004329004,137.19937113097916,309
7,103.29385281385282,129.04984905093298,309
8,121.28615888615887,121.47857777682631,309
9,83.82996632996634,186.63878224840715,309
10,130.46322686322682,149.61356629430273,309
