,Media,Desvio,Melhor Fitness
1,107.95367629786234,145.28486114506185,309
2,100.11103400416377,139.79667951974182,309
3,123.41087207957436,124.85400023687332,309
4,101.02470506592643,157.5201390973584,309
5,99.49687645687646,160.8813750132533,309
6,118.45420875420874,152.33977735061316,309
7,109.29734848484848,134.39821486261908,309
8,104.27128205128204,149.55095338003912,309
9,106.2888888888889,154.92660051535603,309
10,105.25080492424243,147.77816209747286,309
