,Media,Desvio,Melhor Fitness
1,137.67288267288268,152.54885539078364,309
2,165.15555555555557,171.25865115934175,309
3,147.44615384615383,215.18197461973585,309
4,166.42937062937062,141.83828922954996,309
5,126.573581973582,178.3785564223605,309
6,146.93846153846155,151.12907669156462,309
7,95.81818181818183,173.30506977745114,309
8,180.54032634032635,119.5650110148782,309
9,156.08080808080808,127.73539454634971,309
10,219.193006993007,95.07669664535315,309
