,Media,Desvio,Melhor Fitness
1,156.37131313131312,119.2188237287733,309
2,174.0228686868687,110.607123413511,309
3,150.66561616161619,97.16183025889141,309
4,160.1878787878788,95.79455830535612,296.3636363636364
5,151.5646868686869,103.20072315278429,309
6,98.02351515151514,148.6935112239115,309
7,131.7623434343434,165.43845337748627,309
8,156.03903030303027,108.72396770869518,309
9,122.29155555555556,164.72925423050154,296.3636363636364
10,150.8866262626263,161.4460504871475,309
