,Media,Desvio,Melhor Fitness
1,156.02808365343574,86.23883694647625,309
2,130.87449494949496,167.31882346979094,309
3,149.41177489177488,109.96310455564824,309
4,127.9631168831169,149.7575299263346,309
5,127.568658008658,135.92874629464544,309
6,137.3864674138647,109.76768353716686,309
7,135.34969696969696,117.69974891324583,309
8,145.52314814814815,120.61894488911365,309
9,130.26613190730836,166.39777551116254,309
10,130.42843137254903,122.90557157808743,309
