,Media,Desvio,Melhor Fitness
1,116.41083562901744,122.06029510336862,309
2,145.90707070707072,84.04895477267189,309
3,141.94527089072542,123.27515663322859,309
4,163.80824915824917,109.0817715790917,309
5,120.97116620752985,143.4238731937942,309
6,115.55000000000001,125.06754124562944,309
7,148.45818181818186,123.75937786698147,309
8,103.39614325068871,142.73749827046956,309
9,115.04259259259258,147.57402687392923,309
10,70.32210338680927,195.89371532558593,309
