,Media,Desvio,Melhor Fitness
1,110.99581105169341,174.68107251586346,309
2,106.64182671788306,147.36133802088298,309
3,129.11367965367964,138.810197046463,309
4,135.64215686274508,151.3126379711974,309
5,138.9792709705753,150.1421238367649,309
6,119.46248399487835,158.67480847660585,309
7,125.23586550435866,175.4678754703865,309
8,147.70623885918002,149.3525590945359,309
9,144.41474201474202,122.8334561412924,309
10,153.2306543697848,98.61184882909127,309
