,Media,Desvio,Melhor Fitness
1,146.86432323232324,125.81955924546544,309
2,134.77866666666665,171.1744672175948,309
3,173.451797979798,88.71537058931622,309
4,134.9831919191919,151.57063560285602,309
5,181.14933333333335,116.75376998577666,309
6,149.18529292929296,141.75394729762596,309
7,149.2071919191919,143.7922437789614,309
8,160.3780202020202,159.7360195900614,309
9,160.52250505050506,142.56282044047555,309
10,165.27127272727273,111.37071637040437,309
