,Media,Desvio,Melhor Fitness
1,78.06224146224145,164.13870769026397,309
2,114.0155388471178,144.76969058635984,309
3,104.87387511478421,143.83515989334697,309
4,128.70976933514248,126.65665329456412,309
5,116.34104683195594,145.7139174340387,309
6,138.78103764921946,120.30464466215263,309
7,115.24286412512218,130.99707542786132,309
8,130.97130394857666,131.9959102119894,309
9,107.24061510628674,179.56917488309276,309
10,94.15272727272725,146.48070722848146,309
