,Media,Desvio,Melhor Fitness
1,84.2520847573479,153.6154344602765,309
2,107.07897727272727,135.82583754803534,309
3,93.34368885707468,163.58751964912685,309
4,96.06642424242422,158.72317517411153,309
5,112.01977438619775,138.37468300643224,309
6,101.28725490196078,184.7511101086308,309
7,84.30459280303029,162.34416040714277,309
8,110.04283746556473,152.44232018718304,309
9,96.0695717505635,172.06901451729462,309
10,96.06715542521994,153.69920070861346,309
