,Media,Desvio,Melhor Fitness
1,119.41198945981554,140.3657793085181,309
2,137.61403967734904,146.72513098023387,309
3,128.76130536130538,133.0155878927251,309
4,148.6514297908664,112.84406797134112,309
5,119.15968379446639,150.15948801265122,309
6,139.54493506493506,98.5809151134348,309
7,133.2607779926929,156.03305353284966,309
8,103.59183322587577,156.11185301685984,309
9,135.2477166026462,128.6378114832838,309
10,115.82901353965184,150.62249525762869,296.3636363636364
