,Media,Desvio,Melhor Fitness
1,153.5110303030303,115.72021677822977,309
2,156.32064646464647,119.95670477073604,309
3,162.92258585858585,144.18050091941467,309
4,146.25575757575757,132.88702626799954,309
5,160.0169292929293,103.02489642450345,309
6,150.40626262626262,141.83923421298607,309
7,152.09046464646462,127.80713067464981,309
8,174.1591515151515,110.0146445669314,309
9,147.44016161616165,148.60955278337266,309
10,136.2649696969697,148.3021736376788,309
