,Media,Desvio,Melhor Fitness
1,142.92701664532652,119.03619271909602,309
2,125.45427807486631,130.98337237135172,309
3,137.61060606060607,118.77173115162121,309
4,148.86683271066832,122.61963851889263,309
5,75.10196078431373,195.82589824683268,309
6,131.1564660691421,116.09827129835288,309
7,121.56616161616161,138.9733508902976,309
8,147.54694894146948,131.24327384853376,309
9,135.8228310502283,127.6982649065905,309
10,131.25788317962233,142.987109857607,309
