,Media,Desvio,Melhor Fitness
1,132.51183838383835,148.54150475581056,309
2,176.69527272727274,131.7631804837309,296.3636363636364
3,179.0378181818182,125.63398046082264,309
4,187.41414141414143,100.75488799797326,309
5,140.74351515151514,133.03126104681618,309
6,149.448,125.5861752231205,309
7,157.95822222222222,141.14863360993778,309
8,175.60226262626264,110.56061797372686,284.58181818181816
9,172.87094949494949,115.68406506450394,309
10,154.4891313131313,124.36184664777673,309
