,Media,Desvio,Melhor Fitness
1,145.10651192778852,125.94345844438651,309
2,145.02667551426674,137.42397865422367,309
3,112.3395670995671,154.09313322609242,309
4,120.06653491436099,157.29774598905306,309
5,122.99632034632035,135.55515175224056,309
6,127.90570926657882,128.66455484547143,309
7,84.05564339042603,198.12788948373893,309
8,111.13280632411069,147.81230825226697,309
9,92.12462401795734,169.98163786568085,309
10,138.83636363636364,137.9704859301851,309
