,Media,Desvio,Melhor Fitness
1,156.8440404040404,110.01680861457928,309
2,156.16339393939393,147.75019564582186,309
3,125.45826262626261,156.03181758325593,309
4,155.25268686868688,118.99336846365476,309
5,158.72452525252527,125.496045670094,309
6,181.40856565656566,117.72489968137104,309
7,143.2279595959596,149.21979600311036,309
8,151.13850505050505,125.99927144130646,309
9,181.46149494949492,136.27606157853552,309
10,146.18820202020203,130.66933763089116,309
