,Media,Desvio,Melhor Fitness
1,137.96907536907537,128.87114378624256,309
2,132.8986790986791,114.14858386719584,296.3636363636364
3,155.64957264957263,170.9628542123103,296.3636363636364
4,162.34188034188037,126.71042836924569,309
5,153.1878787878788,103.62300791361902,309
6,192.9199689199689,110.57238880066669,309
7,181.54902874902876,110.83847217172791,309
8,176.4741258741259,160.68110899628883,309
9,169.34032634032633,112.81449291830809,309
10,117.87008547008547,179.2142720844871,309
