,Media,Desvio,Melhor Fitness
1,143.23680808080806,132.94691741213578,309
2,157.19325252525252,139.64732923683474,309
3,153.5679191919192,123.82144494935596,309
4,145.56048484848486,122.74143610947405,309
5,169.92165656565658,143.77383608126584,309
6,152.7590707070707,132.36590489034805,309
7,145.0560404040404,157.1421940383895,309
8,134.85139393939394,128.26586873730685,309
9,145.48234343434345,135.9584382525702,309
10,174.35854545454544,125.24554564211823,309
