,Media,Desvio,Melhor Fitness
1,109.99331550802138,149.34020475030772,309
2,113.98051013734467,144.6412591189442,309
3,135.71031175059954,131.58634341750033,309
4,122.29818181818183,137.1183278888582,309
5,149.74835680751173,114.6752940945999,309
6,134.79077922077923,135.49752976225827,309
7,150.0622077922078,90.78774787618138,309
8,146.1713303245218,127.30694534717543,309
9,116.51709956709955,150.66761457330836,309
10,124.87549019607843,148.15841654733586,309
