,Media,Desvio,Melhor Fitness
1,102.17952497952497,141.42814932779285,309
2,129.3265800865801,193.45466428932014,309
3,109.96478296478296,178.38530458933909,309
4,162.60249554367203,116.78875859013897,309
5,150.02495543672012,96.01263070689102,309
6,81.55890151515152,177.18704701468747,284.58181818181816
7,72.33471861471861,187.99744297895,309
8,154.82932022932025,96.81444151416297,284.58181818181816
9,95.24099821746879,197.20316235995307,309
10,132.8623655913979,154.77045901311385,309
