,Media,Desvio,Melhor Fitness
1,106.32727272727273,161.01857417252668,309
2,150.18509418509416,179.7201294073447,282.54545454545456
3,151.6104832104832,118.84691791667257,284
4,109.39913419913418,185.63661648590224,309
5,138.08232323232323,108.85475369992398,284.58181818181816
6,82.55286195286195,188.4689790709764,309
7,146.03417508417508,130.1781384336634,309
8,101.06827094474154,139.36205862901093,309
9,148.2326953748007,144.3457030076793,309
10,123.50488215488218,137.2963962530628,309
