,Media,Desvio,Melhor Fitness
1,124.40744588744587,173.2172908603346,296.3636363636364
2,120.66923783287419,141.1563224591353,309
3,93.12285714285716,124.54063617951722,309
4,125.89660238751149,147.6119674810541,309
5,141.5945369184806,138.5132058637826,309
6,152.98728956228953,130.59904612613346,309
7,132.98453188602443,121.70350732890475,309
8,136.0553137003841,160.35140779389516,309
9,107.02130124777183,147.00771352220568,309
10,126.24415584415583,134.93565281173892,309
