,Media,Desvio,Melhor Fitness
1,154.5711515151515,170.33772702332,309
2,163.23119191919193,148.07375341039184,309
3,136.0691717171717,171.49491447901204,309
4,106.5949090909091,157.69362552387008,309
5,150.51587878787876,121.27624700503121,309
6,172.07442424242424,101.6744452803989,309
7,171.9741414141414,120.30650227830478,309
8,157.91725252525254,126.24465287118929,309
9,155.3996767676768,117.30709487028058,309
10,173.87094949494949,98.55209128830623,309
