,Media,Desvio,Melhor Fitness
1,76.17267917267917,166.05343613678082,309
2,114.78457300275483,160.32897105653979,309
3,125.36426956128447,118.98302354830105,309
4,85.15549525101763,192.17226803504218,309
5,115.25976689976689,107.7813615952553,309
6,156.4097537878788,92.79506768324192,309
7,111.42405002405005,175.51956932263542,309
8,100.62890442890443,168.99476237776935,309
9,117.88934802571168,138.38154411231727,309
10,117.32376893939394,115.34011555085877,309
