,Media,Desvio,Melhor Fitness
1,99.69144385026736,172.7624915363914,296.3636363636364
2,141.30892255892257,139.71060190054342,309
