,Media,Desvio,Melhor Fitness
1,135.25218855218856,166.88489275060314,309
2,106.15311942959,164.15383032835535,309
3,101.98123167155426,187.06323756220033,309
4,119.2718360071301,123.87482865268333,309
5,117.95792207792209,135.58318274649181,309
6,98.0648484848485,171.72927236377961,309
7,81.87107438016528,179.76593063545343,309
8,106.94375,133.1958851659757,309
9,129.96900432900432,128.37103348092037,309
10,21.47255892255892,238.1455847110499,309
