,Media,Desvio,Melhor Fitness
1,142.70927456382003,104.81975823167436,276.8727272727273
2,122.21301247771835,150.42557317723427,296.3636363636364
