,Media,Desvio,Melhor Fitness
1,125.2838095238095,192.82085163395092,309
2,179.002457002457,73.60122254899535,309
3,178.702683982684,154.48689017818256,309
4,114.31428571428572,184.0907912030997,309
5,136.3811802232855,116.60919876930467,309
6,126.13939393939397,119.85548467143452,309
7,109.17522281639927,181.8975595198506,309
8,149.21387559808613,149.83591120912865,309
9,139.29160173160173,115.59691847924522,309
10,129.88894830659535,152.1183806095398,309
