,Media,Desvio,Melhor Fitness
1,123.48000904568069,142.51761176284518,309
2,123.24144522144523,134.1584509753402,309
3,122.11225895316804,145.62124519848544,309
4,114.60634693390598,118.99048207147598,309
5,88.28582600195504,157.22788382242962,309
6,113.51784005468215,136.35248216938902,309
7,124.56421818181819,128.06475713256452,309
8,130.40273410799728,131.63331849143603,309
9,114.91876012028685,147.2085110290462,309
10,115.87365627073656,138.74571024443736,309
