,Media,Desvio,Melhor Fitness
1,134.45865102639294,103.4300824315851,309
2,100.04517906336088,144.40126805757868,309
3,99.52976827094476,167.3698400453751,309
4,91.20106951871657,132.2722002996781,309
5,143.29019607843136,120.98593301361916,309
6,80.10285714285715,201.04086231554695,296.3636363636364
7,98.799797979798,218.69909157611684,309
8,132.77922077922076,147.73427527085045,309
9,103.34438502673798,169.75308012045957,309
10,146.23501683501684,195.92930304285863,309
