,Media,Desvio,Melhor Fitness
1,114.69776223776223,142.0618958814539,309
2,94.37937438905182,159.6865399609831,309
3,98.65272727272728,133.84002294786714,296.3636363636364
4,126.53740458015268,131.7363964565749,309
5,104.06351515151515,143.47687588814648,309
6,129.9071794871795,141.03644418325345,309
7,123.87084481175391,142.81069516104876,309
8,92.67452651515151,158.5211217947725,309
9,105.87123543123542,146.63840559379463,309
10,116.9120055517002,156.2327683686773,309
