,Media,Desvio,Melhor Fitness
1,129.03802020202022,142.4576466580444,309
2,148.6208484848485,139.4190931902647,309
3,157.07644444444443,137.19920220579692,309
4,134.5258585858586,153.22147319529972,309
5,156.786505050505,137.07811962624714,309
6,153.72549494949496,126.08625937801796,309
7,167.00896969696967,137.14816048552905,309
8,140.79604040404038,136.57322374645452,309
9,156.13288888888889,142.655320469321,309
10,150.02383838383838,125.25032888005845,309
