,Media,Desvio,Melhor Fitness
1,123.91897435897437,122.16212389638851,309
2,104.31552447552447,157.5439495953738,309
3,98.69277389277389,160.05338297815715,309
4,104.85037257824145,143.41033710412765,309
5,121.9049019607843,105.573455605315,309
6,73.24626262626265,186.62291689516084,309
7,103.56850321395775,172.6952542044597,309
8,125.98970658970661,138.047313344585,309
9,123.2978354978355,95.41701840924478,309
10,105.35555555555555,127.04030345662234,309
