,Media,Desvio,Melhor Fitness
1,108.7430303030303,170.40378259229777,309
2,151.42189054726367,126.25795467726128,309
3,96.94219810040704,174.25756472737686,309
4,99.49331550802141,149.76705345282141,309
5,132.29566433566433,156.42837551942705,309
6,116.56795224977044,157.86093159938346,309
7,131.74037433155078,152.99147883857157,309
8,144.36225895316804,112.94221611504852,309
9,107.57979797979797,110.82998844735941,309
10,139.39261363636365,122.03458318522607,309
