,Media,Desvio,Melhor Fitness
1,105.79905303030304,156.4253774728947,309
2,115.63386537126996,151.12116767971781,309
3,101.45679374389051,129.2633033904254,309
4,101.43236914600551,159.64973637196627,309
5,104.59923111714157,172.35005010862187,309
6,85.05222537878788,159.5942568766432,309
7,104.59229504345784,180.08713284891962,309
8,114.71605113636363,157.5427291162989,309
9,108.23543835299559,149.62245512363828,309
10,99.10027972027973,164.400114725064,309
