,Media,Desvio,Melhor Fitness
1,114.52962460425148,152.10790976507445,309
2,100.82474747474745,162.08932793347472,309
3,119.26012506012506,135.87894591503655,309
4,91.46554778554778,150.53283121403092,309
5,97.98977272727271,147.07623461231017,309
6,94.5816425120773,171.22162316094472,309
7,123.34545454545453,136.2094659882919,309
8,118.51545968156137,143.1939763269653,309
9,123.07575757575756,162.9726100779128,309
10,93.23516988062443,187.49717582451925,309
