,Media,Desvio,Melhor Fitness
1,163.52285012285014,98.49794731915084,296.3636363636364
2,110.97558922558922,151.1979291430185,309
3,110.93005733005732,162.3980041368666,309
4,117.47601731601732,149.25243600913737,309
5,129.26329966329968,167.52537947114524,309
6,128.98894830659538,136.3051423718999,309
7,114.44720893141948,177.3618737350619,309
8,163.323063973064,138.52983665237343,309
9,120.20491400491399,151.3164896118964,309
10,89.93731601731602,195.11007684566806,309
