,Media,Desvio,Melhor Fitness
1,135.7281616161616,140.0983567277873,309
2,162.90173737373738,134.65356795724944,309
3,148.72072727272726,133.09983624734517,309
4,130.20993939393938,121.78114186222939,309
5,172.7259797979798,111.47107878884067,309
6,146.84145454545455,139.6323029398341,309
7,153.07175757575757,122.12747560964405,309
8,152.32436363636364,124.30522190193038,309
9,157.3259797979798,130.88436941767748,309
10,154.75854545454544,129.42137601782917,309
