,Media,Desvio,Melhor Fitness
1,152.97773737373737,134.61370654428643,309
2,151.20767676767676,153.65166549051585,309
3,151.227595959596,142.3558372182209,309
4,143.05729292929294,136.5603854100526,309
5,141.52141414141414,143.47429963448704,309
6,145.5419797979798,150.76806537199136,309
7,151.74682828282832,135.19111792491995,309
8,152.95676767676767,99.50661994375733,309
9,144.42513131313132,137.22636048895708,309
10,156.32319191919194,125.57976566961959,309
