,Media,Desvio,Melhor Fitness
1,138.93074747474748,220.42947552003878,309
2,172.86440404040403,87.93729709658697,309
3,151.2953535353535,155.57864964186206,309
4,125.81753535353535,124.15188485660624,309
5,136.02537373737374,161.48718595560456,309
6,118.98424242424245,138.04873546399415,309
7,121.6548686868687,141.90972938085412,309
8,131.51620202020206,151.20164715166229,309
9,140.85721212121214,146.4725924729635,309
10,148.36331313131313,143.0175954049941,309
