,Media,Desvio,Melhor Fitness
1,149.6039595959596,142.11112229521558,309
2,159.5681616161616,123.32672462414355,309
3,140.701898989899,163.4140594158266,309
4,130.51761616161616,137.72284488193537,309
5,163.76315151515152,125.5524479195185,309
6,167.77284848484845,118.78380694262188,309
7,165.074101010101,99.77674959186045,309
8,161.12654545454546,138.5300368648097,309
9,146.2099797979798,147.66638392622872,309
10,151.70933333333335,130.88261289815176,309
