,Media,Desvio,Melhor Fitness
1,134.30321395775943,116.0951889053244,309
2,128.227183600713,128.27394548359717,309
3,130.6997159090909,133.60525665635114,309
4,100.7910927456382,147.5920178815534,296.3636363636364
5,109.53415977961433,116.742248580352,309
6,105.97149621212122,187.3209687628316,309
7,138.16754643206252,117.6178104754172,309
8,95.93677069199457,163.333726026918,309
9,145.53491436100134,91.62103878714355,309
10,142.4386593204775,115.61368849938927,309
