,Media,Desvio,Melhor Fitness
1,168.69381818181816,110.30366068133777,309
2,165.10989898989902,89.8794122747927,309
3,151.5531313131313,120.86634327115738,309
4,121.65890909090909,166.44641775958735,309
5,134.89333333333335,144.6327104859619,309
6,147.99806060606062,132.43743705768517,309
7,148.2749090909091,112.1302645284332,309
8,144.18436363636366,120.57193392668518,309
9,158.01511111111114,111.05459553126009,309
10,145.85426262626262,131.3745495390438,309
