,Media,Desvio,Melhor Fitness
1,163.818303030303,134.83968685219696,309
2,144.01955555555557,134.3075843321297,309
3,138.29446464646463,149.38504750997944,309
4,133.86658585858584,126.3439964719303,309
5,135.47656565656564,154.43592043346197,309
6,132.0831515151515,147.27997760283355,309
7,158.55797979797978,129.45736163597172,309
8,169.34444444444446,120.23462142819184,309
9,139.13571717171718,139.8046851592634,309
10,152.23353535353536,125.23651674041773,309
