,Media,Desvio,Melhor Fitness
1,144.98030303030305,118.74129176421617,309
2,122.77575757575757,137.83341771616492,309
3,122.51892841458061,175.53908971370248,296.3636363636364
4,103.6812121212121,147.26093257632135,309
5,77.40885040885041,208.39797700400769,309
6,131.08475524475526,129.29304499821492,296.3636363636364
7,125.95292050944227,102.72004770088719,309
8,113.03200757575758,175.48735608216055,309
9,128.81151515151512,111.75186244868745,309
10,111.52844866576208,178.14573977694707,309
