,Media,Desvio,Melhor Fitness
1,120.64516699845167,147.73608593445863,309
2,124.93413858868404,150.768233962541,309
3,122.6494004796163,126.55738652239363,309
4,160.2220502901354,95.9659945217772,309
5,115.14268398268398,142.5412411331591,309
6,160.00073071136902,90.37941414998157,309
7,128.59934597776325,126.57753070251947,309
8,120.72948462729487,147.71533436116135,309
9,103.87608458687595,162.92265105651023,309
10,134.47212551042338,128.18282883428012,309
